Workbook
Name Slicer_Category_Clean: #N/A
Name Slicer_Month: #N/A
Name Slicer_PaymentMode_Clean: #N/A

Sheet Raw_Data
A1: Date | B1: category | C1: sub category | D1: description | E1: Amount | F1: Payment mode | G1: location | H1: remarks
A2: 45658 | B2: food | C2: lunch | D2: canteen | E2: 200/- | F2: upi | G2: outside
A3: 45689 | B3: Food | C3: dinner | D3: zomato | E3: 280rs | F3: UPI | G3: home | H3: late
A4: 45717 | B4: Food | E4: 90 | F4: cash | G4: outside
A5: 45748 | B5: Travel | C5: Bus | D5: college bus | E5: 40 | F5: cash | G5: outside
A6: 45778 | B6: Entertainment | C6: Movie | E6: 350 | F6: card | G6: mall
A7: 45809 | B7: Food | E7: 90 | F7: cash | G7: outside
A8: 45839 | B8: Travel | C8: Bus | D8: college bus | E8: 40 | F8: cash | G8: outside
A9: 45870 | B9: Entertainment | C9: Movie | E9: 350 | F9: card | G9: mall
A10: 45901 | B10: food | C10: lunch | D10: canteen | E10: 200/- | F10: upi | G10: outside
A11: 45931 | B11: Food | C11: dinner | D11: zomato | E11: 280rs | F11: UPI | G11: home | H11: late
A12: 45962 | B12: Food | E12: 90 | F12: cash | G12: outside
A13: 45992 | B13: Food | C13: dinner | D13: zomato | E13: 280rs | F13: UPI | G13: home | H13: late
A14: 46023 | B14: Food | E14: 90 | F14: cash | G14: outside
A15: 46054 | B15: Travel | C15: Bus | D15: college bus | E15: 40 | F15: cash | G15: outside
A16: 46082 | B16: Entertainment | C16: Movie | E16: 350 | F16: card | G16: mall
A17: 46113 | B17: Food | E17: 90 | F17: cash | G17: outside
A18: 46143 | B18: Travel | C18: Bus | D18: college bus | E18: 40 | F18: cash | G18: outside
A19: 46174 | B19: Entertainment | C19: Movie | E19: 350 | F19: card | G19: mall
A20: 46204 | B20: Entertainment | C20: Movie | E20: 350 | F20: card | G20: mall
A21: 46235 | B21: Food | E21: 90 | F21: cash | G21: outside
A22: 46266 | B22: food | C22: lunch | D22: canteen | E22: 200/- | F22: upi | G22: outside
A23: 46296 | B23: Food | C23: dinner | D23: zomato | E23: 280rs | F23: UPI | G23: home | H23: late
A24: 46327 | B24: Food | E24: 90 | F24: cash | G24: outside
A25: 46357 | B25: Travel | C25: Bus | D25: college bus | E25: 40 | F25: cash | G25: outside
A26: 46388 | B26: Entertainment | C26: Movie | E26: 350 | F26: card | G26: mall
A27: 46419 | B27: Food | E27: 90 | F27: cash | G27: outside
A28: 46447 | B28: food | C28: lunch | D28: canteen | E28: 200/- | F28: upi | G28: outside
A29: 46478 | B29: Food | C29: dinner | D29: zomato | E29: 280rs | F29: UPI | G29: home | H29: late
A30: 46508 | B30: Food | E30: 90 | F30: cash | G30: outside
A31: 46539 | B31: Travel | C31: Bus | D31: college bus | E31: 40 | F31: cash | G31: outside
A32: 46569 | B32: Entertainment | C32: Movie | E32: 350 | F32: card | G32: mall
A33: 46600 | B33: Food | E33: 90 | F33: cash | G33: outside
A34: 46631 | B34: Entertainment | C34: Movie | E34: 350 | F34: card | G34: mall
A35: 46661 | B35: Food | E35: 90 | F35: cash | G35: outside
A36: 46692 | B36: Travel | C36: Bus | D36: college bus | E36: 40 | F36: cash | G36: outside
A37: 46722 | B37: Entertainment | C37: Movie | E37: 350 | F37: card | G37: mall
A38: 46753 | B38: food | C38: lunch | D38: canteen | E38: 200/- | F38: upi | G38: outside
A39: 46784 | B39: Food | C39: dinner | D39: zomato | E39: 280rs | F39: UPI | G39: home | H39: late
A40: 46813 | B40: Food | E40: 90 | F40: cash | G40: outside
A41: 46844 | B41: Food | C41: dinner | D41: zomato | E41: 280rs | F41: UPI | G41: home | H41: late
A42: 46874 | B42: Food | E42: 90 | F42: cash | G42: outside
A43: 46905 | B43: Travel | C43: Bus | D43: college bus | E43: 40 | F43: cash | G43: outside
A44: 46935 | B44: Food | E44: 90 | F44: cash | G44: outside
A45: 46966 | B45: Travel | C45: Bus | D45: college bus | E45: 40 | F45: cash | G45: outside
A46: 46997 | B46: Entertainment | C46: Movie | E46: 350 | F46: card | G46: mall
A47: 47027 | B47: food | C47: lunch | D47: canteen | E47: 200/- | F47: upi | G47: outside
A48: 47058 | B48: Food | C48: dinner | D48: zomato | E48: 280rs | F48: UPI | G48: home | H48: late
A49: 47088 | B49: Food | E49: 90 | F49: cash | G49: outside
A50: 47119 | B50: Food | C50: dinner | D50: zomato | E50: 280rs | F50: UPI | G50: home | H50: late
A51: 47150 | B51: Food | E51: 90 | F51: cash | G51: outside
A52: 47178 | B52: Food | E52: 90 | F52: cash | G52: outside
A53: 47209 | B53: Travel | C53: Bus | D53: college bus | E53: 40 | F53: cash | G53: outside
A54: 47239 | B54: Entertainment | C54: Movie | E54: 350 | F54: card | G54: mall
A55: 47270 | B55: food | C55: lunch | D55: canteen | E55: 200/- | F55: upi | G55: outside
A56: 47300 | B56: Food | C56: dinner | D56: zomato | E56: 280rs | F56: UPI | G56: home | H56: late
A57: 47331 | B57: Food | E57: 90 | F57: cash | G57: outside
A58: 47362 | B58: Food | C58: dinner | D58: zomato | E58: 280rs | F58: UPI | G58: home | H58: late
A59: 47392 | B59: Food | E59: 90 | F59: cash | G59: outside
A60: 47423 | B60: Food | E60: 90 | F60: cash | G60: outside
A61: 47453 | B61: Travel | C61: Bus | D61: college bus | E61: 40 | F61: cash | G61: outside
A62: 47484 | B62: Entertainment | C62: Movie | E62: 350 | F62: card | G62: mall
A63: 47515 | B63: food | C63: lunch | D63: canteen | E63: 200/- | F63: upi | G63: outside
A64: 47543 | B64: Food | C64: dinner | D64: zomato | E64: 280rs | F64: UPI | G64: home | H64: late
A65: 47574 | B65: Food | E65: 90 | F65: cash | G65: outside
A66: 47604 | B66: Food | C66: dinner | D66: zomato | E66: 280rs | F66: UPI | G66: home | H66: late
A67: 47635 | B67: Food | E67: 90 | F67: cash | G67: outside
A68: 47665 | B68: Travel | C68: Bus | D68: college bus | E68: 40 | F68: cash | G68: outside
A69: 47696 | B69: Entertainment | C69: Movie | E69: 350 | F69: card | G69: mall
A70: 47727 | B70: food | C70: lunch | D70: canteen | E70: 200/- | F70: upi | G70: outside
A71: 47757 | B71: Food | C71: dinner | D71: zomato | E71: 280rs | F71: UPI | G71: home | H71: late
A72: 47788 | B72: Food | E72: 90 | F72: cash | G72: outside
A73: 47818 | B73: Food | C73: dinner | D73: zomato | E73: 280rs | F73: UPI | G73: home | H73: late
A74: 47849 | B74: Food | E74: 90 | F74: cash | G74: outside
A75: 47880 | B75: Travel | C75: Bus | D75: college bus | E75: 40 | F75: cash | G75: outside
A76: 47908 | B76: Entertainment | C76: Movie | E76: 350 | F76: card | G76: mall
A77: 47939 | B77: food | C77: lunch | D77: canteen | E77: 200/- | F77: upi | G77: outside
A78: 47969 | B78: Food | C78: dinner | D78: zomato | E78: 280rs | F78: UPI | G78: home | H78: late
A79: 48000 | B79: Food | E79: 90 | F79: cash | G79: outside
A80: 48030 | B80: Food | C80: dinner | D80: zomato | E80: 280rs | F80: UPI | G80: home | H80: late
A81: 48061 | B81: Food | E81: 90 | F81: cash | G81: outside
A82: 48092 | B82: Food | E82: 90 | F82: cash | G82: outside
A83: 48122 | B83: Travel | C83: Bus | D83: college bus | E83: 40 | F83: cash | G83: outside
A84: 48153 | B84: Entertainment | C84: Movie | E84: 350 | F84: card | G84: mall
A85: 48183 | B85: food | C85: lunch | D85: canteen | E85: 200/- | F85: upi | G85: outside
A86: 48214 | B86: Food | E86: 90 | F86: cash | G86: outside
A87: 48245 | B87: Travel | C87: Bus | D87: college bus | E87: 40 | F87: cash | G87: outside
A88: 48274 | B88: Entertainment | C88: Movie | E88: 350 | F88: card | G88: mall
A89: 48305 | B89: food | C89: lunch | D89: canteen | E89: 200/- | F89: upi | G89: outside
A90: 48335 | B90: Food | E90: 90 | F90: cash | G90: outside
A91: 48366 | B91: Travel | C91: Bus | D91: college bus | E91: 40 | F91: cash | G91: outside
A92: 48396 | B92: Entertainment | C92: Movie | E92: 350 | F92: card | G92: mall
A93: 48427 | B93: food | C93: lunch | D93: canteen | E93: 200/- | F93: upi | G93: outside
A94: 48458 | B94: Food | C94: dinner | D94: zomato | E94: 280rs | F94: UPI | G94: home | H94: late
A95: 48488 | B95: Food | E95: 90 | F95: cash | G95: outside
A96: 48519 | B96: Food | C96: dinner | D96: zomato | E96: 280rs | F96: UPI | G96: home | H96: late
A97: 48549 | B97: Food | E97: 90 | F97: cash | G97: outside
A98: 48580 | B98: Food | C98: dinner | D98: zomato | E98: 280rs | F98: UPI | G98: home | H98: late
A99: 48611 | B99: Food | E99: 90 | F99: cash | G99: outside
A100: 48639 | B100: Food | C100: dinner | D100: zomato | E100: 280rs | F100: UPI | G100: home | H100: late
...

Sheet Cleaned_Data
A1: Date | B1: Category_Raw | C1: Category_Clean | D1: SubCategory_Raw | E1: SubCategory_Clean | F1: Description_Raw | G1: Description_Clean | H1: Amount_Raw | I1: Amount_Clean | J1: PaymentMode_Raw | K1: PaymentMode_Clean | L1: Location_Raw | M1: Location_Clean | N1: Remarks_Raw | O1: Remarks_Clean | P1: Month | Q1: Year | R1: Day | S1: Is_Weekend | T1: Expense_Level | U1: Payment_Flag | V1: Month_Number
A2: =DATE(2026, MONTH(Raw_Data!A2), DAY(Raw_Data!A2)) -> 46023 | B2: food | C2: =IF(LOWER(TRIM(B2))="food","Food",IF(LOWER(TRIM(B2))="travel","Travel",IF(LOWER(TRIM(B2))="entertainment","Entertainment","Other"))) -> Food | D2: lunch | E2: =IF(TRIM(D2)="","Not Specified", IF(C2="Food", IF(LOWER(D2)="lunch","Lunch", IF(LOWER(D2)="dinner","Dinner","Snacks")), IF(C2="Travel", IF(LOWER(D2)="bus","Bus","Bus"), IF(C2="Entertainment", IF(LOWER(D2)="movie","Movie","Other"), "Other")))) -> Lunch | F2: canteen | G2: =IF(TRIM(F2)="","Not Provided",PROPER(TRIM(F2))) -> Canteen | H2: 200/- | I2: =IF(H2="","",VALUE(SUBSTITUTE(SUBSTITUTE(SUBSTITUTE(LOWER(H2),"rs",""),"/-",""),"$",""))) -> 200 | J2: upi | K2: =IF(TRIM(J2)="","Not Specified",IF(LOWER(J2)="upi","UPI",IF(LOWER(J2)="cash","Cash",IF(LOWER(J2)="card","Card","Other")))) -> UPI | L2: outside | M2: =IF(TRIM(L2)="","Not Specified",PROPER(TRIM(L2))) -> Outside | O2: =IF(TRIM(N2)="","Not Specified",PROPER(TRIM(N2))) -> Not Specified | P2: =TEXT(Table1[[#This Row],[Date]],"mmmm") -> January | Q2: =YEAR(Table1[[#This Row],[Date]]) -> 2026 | R2: =TEXT(Table1[[#This Row],[Date]],"dddd") -> Thursday | S2: =IF(WEEKDAY(Table1[[#This Row],[Date]],2)>5,"Weekend","Weekday") -> Weekday | T2: =IF(Table1[[#This Row],[Amount_Clean]]>500,"High","Normal") -> Normal | U2: =IF(LOWER(TRIM(Table1[[#This Row],[PaymentMode_Clean]]))="cash","Cash","Digital") -> Digital | V2: =MONTH(Table1[[#This Row],[Date]]) -> 1
A3: =DATE(2026, MONTH(Raw_Data!A3), DAY(Raw_Data!A3)) -> 46054 | B3: Food | C3: =IF(LOWER(TRIM(B3))="food","Food",IF(LOWER(TRIM(B3))="travel","Travel",IF(LOWER(TRIM(B3))="entertainment","Entertainment","Other"))) -> Food | D3: dinner | E3: =IF(TRIM(D3)="","Not Specified", IF(C3="Food", IF(LOWER(D3)="lunch","Lunch", IF(LOWER(D3)="dinner","Dinner","Snacks")), IF(C3="Travel", IF(LOWER(D3)="bus","Bus","Bus"), IF(C3="Entertainment", IF(LOWER(D3)="movie","Movie","Other"), "Other")))) -> Dinner | F3: zomato | G3: =IF(TRIM(F3)="","Not Provided",PROPER(TRIM(F3))) -> Zomato | H3: 280rs | I3: =IF(H3="","",VALUE(SUBSTITUTE(SUBSTITUTE(SUBSTITUTE(LOWER(H3),"rs",""),"/-",""),"$",""))) -> 280 | J3: UPI | K3: =IF(TRIM(J3)="","Not Specified",IF(LOWER(J3)="upi","UPI",IF(LOWER(J3)="cash","Cash",IF(LOWER(J3)="card","Card","Other")))) -> UPI | L3: home | M3: =IF(TRIM(L3)="","Not Specified",PROPER(TRIM(L3))) -> Home | N3: late | O3: =IF(TRIM(N3)="","Not Specified",PROPER(TRIM(N3))) -> Late | P3: =TEXT(Table1[[#This Row],[Date]],"mmmm") -> February | Q3: =YEAR(Table1[[#This Row],[Date]]) -> 2026 | R3: =TEXT(Table1[[#This Row],[Date]],"dddd") -> Sunday | S3: =IF(WEEKDAY(Table1[[#This Row],[Date]],2)>5,"Weekend","Weekday") -> Weekend | T3: =IF(Table1[[#This Row],[Amount_Clean]]>500,"High","Normal") -> Normal | U3: =IF(LOWER(TRIM(Table1[[#This Row],[PaymentMode_Clean]]))="cash","Cash","Digital") -> Digital | V3: =MONTH(Table1[[#This Row],[Date]]) -> 2
A4: =DATE(2026, MONTH(Raw_Data!A4), DAY(Raw_Data!A4)) -> 46082 | B4: Food | C4: =IF(LOWER(TRIM(B4))="food","Food",IF(LOWER(TRIM(B4))="travel","Travel",IF(LOWER(TRIM(B4))="entertainment","Entertainment","Other"))) -> Food | E4: =IF(TRIM(D4)="","Not Specified", IF(C4="Food", IF(LOWER(D4)="lunch","Lunch", IF(LOWER(D4)="dinner","Dinner","Snacks")), IF(C4="Travel", IF(LOWER(D4)="bus","Bus","Bus"), IF(C4="Entertainment", IF(LOWER(D4)="movie","Movie","Other"), "Other")))) -> Not Specified | G4: =IF(TRIM(F4)="","Not Provided",PROPER(TRIM(F4))) -> Not Provided | H4: 90 | I4: =IF(H4="","",VALUE(SUBSTITUTE(SUBSTITUTE(SUBSTITUTE(LOWER(H4),"rs",""),"/-",""),"$",""))) -> 90 | J4: cash | K4: =IF(TRIM(J4)="","Not Specified",IF(LOWER(J4)="upi","UPI",IF(LOWER(J4)="cash","Cash",IF(LOWER(J4)="card","Card","Other")))) -> Cash | L4: outside | M4: =IF(TRIM(L4)="","Not Specified",PROPER(TRIM(L4))) -> Outside | O4: =IF(TRIM(N4)="","Not Specified",PROPER(TRIM(N4))) -> Not Specified | P4: =TEXT(Table1[[#This Row],[Date]],"mmmm") -> March | Q4: =YEAR(Table1[[#This Row],[Date]]) -> 2026 | R4: =TEXT(Table1[[#This Row],[Date]],"dddd") -> Sunday | S4: =IF(WEEKDAY(Table1[[#This Row],[Date]],2)>5,"Weekend","Weekday") -> Weekend | T4: =IF(Table1[[#This Row],[Amount_Clean]]>500,"High","Normal") -> Normal | U4: =IF(LOWER(TRIM(Table1[[#This Row],[PaymentMode_Clean]]))="cash","Cash","Digital") -> Cash | V4: =MONTH(Table1[[#This Row],[Date]]) -> 3
A5: =DATE(2026, MONTH(Raw_Data!A5), DAY(Raw_Data!A5)) -> 46113 | B5: Travel | C5: =IF(LOWER(TRIM(B5))="food","Food",IF(LOWER(TRIM(B5))="travel","Travel",IF(LOWER(TRIM(B5))="entertainment","Entertainment","Other"))) -> Travel | D5: Bus | E5: =IF(TRIM(D5)="","Not Specified", IF(C5="Food", IF(LOWER(D5)="lunch","Lunch", IF(LOWER(D5)="dinner","Dinner","Snacks")), IF(C5="Travel", IF(LOWER(D5)="bus","Bus","Bus"), IF(C5="Entertainment", IF(LOWER(D5)="movie","Movie","Other"), "Other")))) -> Bus | F5: college bus | G5: =IF(TRIM(F5)="","Not Provided",PROPER(TRIM(F5))) -> College Bus | H5: 40 | I5: =IF(H5="","",VALUE(SUBSTITUTE(SUBSTITUTE(SUBSTITUTE(LOWER(H5),"rs",""),"/-",""),"$",""))) -> 40 | J5: cash | K5: =IF(TRIM(J5)="","Not Specified",IF(LOWER(J5)="upi","UPI",IF(LOWER(J5)="cash","Cash",IF(LOWER(J5)="card","Card","Other")))) -> Cash | L5: outside | M5: =IF(TRIM(L5)="","Not Specified",PROPER(TRIM(L5))) -> Outside | O5: =IF(TRIM(N5)="","Not Specified",PROPER(TRIM(N5))) -> Not Specified | P5: =TEXT(Table1[[#This Row],[Date]],"mmmm") -> April | Q5: =YEAR(Table1[[#This Row],[Date]]) -> 2026 | R5: =TEXT(Table1[[#This Row],[Date]],"dddd") -> Wednesday | S5: =IF(WEEKDAY(Table1[[#This Row],[Date]],2)>5,"Weekend","Weekday") -> Weekday | T5: =IF(Table1[[#This Row],[Amount_Clean]]>500,"High","Normal") -> Normal | U5: =IF(LOWER(TRIM(Table1[[#This Row],[PaymentMode_Clean]]))="cash","Cash","Digital") -> Cash | V5: =MONTH(Table1[[#This Row],[Date]]) -> 4
A6: =DATE(2026, MONTH(Raw_Data!A6), DAY(Raw_Data!A6)) -> 46143 | B6: Entertainment | C6: =IF(LOWER(TRIM(B6))="food","Food",IF(LOWER(TRIM(B6))="travel","Travel",IF(LOWER(TRIM(B6))="entertainment","Entertainment","Other"))) -> Entertainment | D6: Movie | E6: =IF(TRIM(D6)="","Not Specified", IF(C6="Food", IF(LOWER(D6)="lunch","Lunch", IF(LOWER(D6)="dinner","Dinner","Snacks")), IF(C6="Travel", IF(LOWER(D6)="bus","Bus","Bus"), IF(C6="Entertainment", IF(LOWER(D6)="movie","Movie","Other"), "Other")))) -> Movie | G6: =IF(TRIM(F6)="","Not Provided",PROPER(TRIM(F6))) -> Not Provided | H6: 350 | I6: =IF(H6="","",VALUE(SUBSTITUTE(SUBSTITUTE(SUBSTITUTE(LOWER(H6),"rs",""),"/-",""),"$",""))) -> 350 | J6: card | K6: =IF(TRIM(J6)="","Not Specified",IF(LOWER(J6)="upi","UPI",IF(LOWER(J6)="cash","Cash",IF(LOWER(J6)="card","Card","Other")))) -> Card | L6: mall | M6: =IF(TRIM(L6)="","Not Specified",PROPER(TRIM(L6))) -> Mall | O6: =IF(TRIM(N6)="","Not Specified",PROPER(TRIM(N6))) -> Not Specified | P6: =TEXT(Table1[[#This Row],[Date]],"mmmm") -> May | Q6: =YEAR(Table1[[#This Row],[Date]]) -> 2026 | R6: =TEXT(Table1[[#This Row],[Date]],"dddd") -> Friday | S6: =IF(WEEKDAY(Table1[[#This Row],[Date]],2)>5,"Weekend","Weekday") -> Weekday | T6: =IF(Table1[[#This Row],[Amount_Clean]]>500,"High","Normal") -> Normal | U6: =IF(LOWER(TRIM(Table1[[#This Row],[PaymentMode_Clean]]))="cash","Cash","Digital") -> Digital | V6: =MONTH(Table1[[#This Row],[Date]]) -> 5
A7: =DATE(2026, MONTH(Raw_Data!A7), DAY(Raw_Data!A7)) -> 46174 | B7: Food | C7: =IF(LOWER(TRIM(B7))="food","Food",IF(LOWER(TRIM(B7))="travel","Travel",IF(LOWER(TRIM(B7))="entertainment","Entertainment","Other"))) -> Food | E7: =IF(TRIM(D7)="","Not Specified", IF(C7="Food", IF(LOWER(D7)="lunch","Lunch", IF(LOWER(D7)="dinner","Dinner","Snacks")), IF(C7="Travel", IF(LOWER(D7)="bus","Bus","Bus"), IF(C7="Entertainment", IF(LOWER(D7)="movie","Movie","Other"), "Other")))) -> Not Specified | G7: =IF(TRIM(F7)="","Not Provided",PROPER(TRIM(F7))) -> Not Provided | H7: 90 | I7: =IF(H7="","",VALUE(SUBSTITUTE(SUBSTITUTE(SUBSTITUTE(LOWER(H7),"rs",""),"/-",""),"$",""))) -> 90 | J7: cash | K7: =IF(TRIM(J7)="","Not Specified",IF(LOWER(J7)="upi","UPI",IF(LOWER(J7)="cash","Cash",IF(LOWER(J7)="card","Card","Other")))) -> Cash | L7: outside | M7: =IF(TRIM(L7)="","Not Specified",PROPER(TRIM(L7))) -> Outside | O7: =IF(TRIM(N7)="","Not Specified",PROPER(TRIM(N7))) -> Not Specified | P7: =TEXT(Table1[[#This Row],[Date]],"mmmm") -> June | Q7: =YEAR(Table1[[#This Row],[Date]]) -> 2026 | R7: =TEXT(Table1[[#This Row],[Date]],"dddd") -> Monday | S7: =IF(WEEKDAY(Table1[[#This Row],[Date]],2)>5,"Weekend","Weekday") -> Weekday | T7: =IF(Table1[[#This Row],[Amount_Clean]]>500,"High","Normal") -> Normal | U7: =IF(LOWER(TRIM(Table1[[#This Row],[PaymentMode_Clean]]))="cash","Cash","Digital") -> Cash | V7: =MONTH(Table1[[#This Row],[Date]]) -> 6
A8: =DATE(2026, MONTH(Raw_Data!A8), DAY(Raw_Data!A8)) -> 46204 | B8: Travel | C8: =IF(LOWER(TRIM(B8))="food","Food",IF(LOWER(TRIM(B8))="travel","Travel",IF(LOWER(TRIM(B8))="entertainment","Entertainment","Other"))) -> Travel | D8: Bus | E8: =IF(TRIM(D8)="","Not Specified", IF(C8="Food", IF(LOWER(D8)="lunch","Lunch", IF(LOWER(D8)="dinner","Dinner","Snacks")), IF(C8="Travel", IF(LOWER(D8)="bus","Bus","Bus"), IF(C8="Entertainment", IF(LOWER(D8)="movie","Movie","Other"), "Other")))) -> Bus | F8: college bus | G8: =IF(TRIM(F8)="","Not Provided",PROPER(TRIM(F8))) -> College Bus | H8: 40 | I8: =IF(H8="","",VALUE(SUBSTITUTE(SUBSTITUTE(SUBSTITUTE(LOWER(H8),"rs",""),"/-",""),"$",""))) -> 40 | J8: cash | K8: =IF(TRIM(J8)="","Not Specified",IF(LOWER(J8)="upi","UPI",IF(LOWER(J8)="cash","Cash",IF(LOWER(J8)="card","Card","Other")))) -> Cash | L8: outside | M8: =IF(TRIM(L8)="","Not Specified",PROPER(TRIM(L8))) -> Outside | O8: =IF(TRIM(N8)="","Not Specified",PROPER(TRIM(N8))) -> Not Specified | P8: =TEXT(Table1[[#This Row],[Date]],"mmmm") -> July | Q8: =YEAR(Table1[[#This Row],[Date]]) -> 2026 | R8: =TEXT(Table1[[#This Row],[Date]],"dddd") -> Wednesday | S8: =IF(WEEKDAY(Table1[[#This Row],[Date]],2)>5,"Weekend","Weekday") -> Weekday | T8: =IF(Table1[[#This Row],[Amount_Clean]]>500,"High","Normal") -> Normal | U8: =IF(LOWER(TRIM(Table1[[#This Row],[PaymentMode_Clean]]))="cash","Cash","Digital") -> Cash | V8: =MONTH(Table1[[#This Row],[Date]]) -> 7
A9: =DATE(2026, MONTH(Raw_Data!A9), DAY(Raw_Data!A9)) -> 46235 | B9: Entertainment | C9: =IF(LOWER(TRIM(B9))="food","Food",IF(LOWER(TRIM(B9))="travel","Travel",IF(LOWER(TRIM(B9))="entertainment","Entertainment","Other"))) -> Entertainment | D9: Movie | E9: =IF(TRIM(D9)="","Not Specified", IF(C9="Food", IF(LOWER(D9)="lunch","Lunch", IF(LOWER(D9)="dinner","Dinner","Snacks")), IF(C9="Travel", IF(LOWER(D9)="bus","Bus","Bus"), IF(C9="Entertainment", IF(LOWER(D9)="movie","Movie","Other"), "Other")))) -> Movie | G9: =IF(TRIM(F9)="","Not Provided",PROPER(TRIM(F9))) -> Not Provided | H9: 350 | I9: =IF(H9="","",VALUE(SUBSTITUTE(SUBSTITUTE(SUBSTITUTE(LOWER(H9),"rs",""),"/-",""),"$",""))) -> 350 | J9: card | K9: =IF(TRIM(J9)="","Not Specified",IF(LOWER(J9)="upi","UPI",IF(LOWER(J9)="cash","Cash",IF(LOWER(J9)="card","Card","Other")))) -> Card | L9: mall | M9: =IF(TRIM(L9)="","Not Specified",PROPER(TRIM(L9))) -> Mall | O9: =IF(TRIM(N9)="","Not Specified",PROPER(TRIM(N9))) -> Not Specified | P9: =TEXT(Table1[[#This Row],[Date]],"mmmm") -> August | Q9: =YEAR(Table1[[#This Row],[Date]]) -> 2026 | R9: =TEXT(Table1[[#This Row],[Date]],"dddd") -> Saturday | S9: =IF(WEEKDAY(Table1[[#This Row],[Date]],2)>5,"Weekend","Weekday") -> Weekend | T9: =IF(Table1[[#This Row],[Amount_Clean]]>500,"High","Normal") -> Normal | U9: =IF(LOWER(TRIM(Table1[[#This Row],[PaymentMode_Clean]]))="cash","Cash","Digital") -> Digital | V9: =MONTH(Table1[[#This Row],[Date]]) -> 8
A10: =DATE(2026, MONTH(Raw_Data!A10), DAY(Raw_Data!A10)) -> 46266 | B10: food | C10: =IF(LOWER(TRIM(B10))="food","Food",IF(LOWER(TRIM(B10))="travel","Travel",IF(LOWER(TRIM(B10))="entertainment","Entertainment","Other"))) -> Food | D10: lunch | E10: =IF(TRIM(D10)="","Not Specified", IF(C10="Food", IF(LOWER(D10)="lunch","Lunch", IF(LOWER(D10)="dinner","Dinner","Snacks")), IF(C10="Travel", IF(LOWER(D10)="bus","Bus","Bus"), IF(C10="Entertainment", IF(LOWER(D10)="movie","Movie","Other"), "Other")))) -> Lunch | F10: canteen | G10: =IF(TRIM(F10)="","Not Provided",PROPER(TRIM(F10))) -> Canteen | H10: 200/- | I10: =IF(H10="","",VALUE(SUBSTITUTE(SUBSTITUTE(SUBSTITUTE(LOWER(H10),"rs",""),"/-",""),"$",""))) -> 200 | J10: upi | K10: =IF(TRIM(J10)="","Not Specified",IF(LOWER(J10)="upi","UPI",IF(LOWER(J10)="cash","Cash",IF(LOWER(J10)="card","Card","Other")))) -> UPI | L10: outside | M10: =IF(TRIM(L10)="","Not Specified",PROPER(TRIM(L10))) -> Outside | O10: =IF(TRIM(N10)="","Not Specified",PROPER(TRIM(N10))) -> Not Specified | P10: =TEXT(Table1[[#This Row],[Date]],"mmmm") -> September | Q10: =YEAR(Table1[[#This Row],[Date]]) -> 2026 | R10: =TEXT(Table1[[#This Row],[Date]],"dddd") -> Tuesday | S10: =IF(WEEKDAY(Table1[[#This Row],[Date]],2)>5,"Weekend","Weekday") -> Weekday | T10: =IF(Table1[[#This Row],[Amount_Clean]]>500,"High","Normal") -> Normal | U10: =IF(LOWER(TRIM(Table1[[#This Row],[PaymentMode_Clean]]))="cash","Cash","Digital") -> Digital | V10: =MONTH(Table1[[#This Row],[Date]]) -> 9
A11: =DATE(2026, MONTH(Raw_Data!A11), DAY(Raw_Data!A11)) -> 46296 | B11: Food | C11: =IF(LOWER(TRIM(B11))="food","Food",IF(LOWER(TRIM(B11))="travel","Travel",IF(LOWER(TRIM(B11))="entertainment","Entertainment","Other"))) -> Food | D11: dinner | E11: =IF(TRIM(D11)="","Not Specified", IF(C11="Food", IF(LOWER(D11)="lunch","Lunch", IF(LOWER(D11)="dinner","Dinner","Snacks")), IF(C11="Travel", IF(LOWER(D11)="bus","Bus","Bus"), IF(C11="Entertainment", IF(LOWER(D11)="movie","Movie","Other"), "Other")))) -> Dinner | F11: zomato | G11: =IF(TRIM(F11)="","Not Provided",PROPER(TRIM(F11))) -> Zomato | H11: 280rs | I11: =IF(H11="","",VALUE(SUBSTITUTE(SUBSTITUTE(SUBSTITUTE(LOWER(H11),"rs",""),"/-",""),"$",""))) -> 280 | J11: UPI | K11: =IF(TRIM(J11)="","Not Specified",IF(LOWER(J11)="upi","UPI",IF(LOWER(J11)="cash","Cash",IF(LOWER(J11)="card","Card","Other")))) -> UPI | L11: home | M11: =IF(TRIM(L11)="","Not Specified",PROPER(TRIM(L11))) -> Home | N11: late | O11: =IF(TRIM(N11)="","Not Specified",PROPER(TRIM(N11))) -> Late | P11: =TEXT(Table1[[#This Row],[Date]],"mmmm") -> October | Q11: =YEAR(Table1[[#This Row],[Date]]) -> 2026 | R11: =TEXT(Table1[[#This Row],[Date]],"dddd") -> Thursday | S11: =IF(WEEKDAY(Table1[[#This Row],[Date]],2)>5,"Weekend","Weekday") -> Weekday | T11: =IF(Table1[[#This Row],[Amount_Clean]]>500,"High","Normal") -> Normal | U11: =IF(LOWER(TRIM(Table1[[#This Row],[PaymentMode_Clean]]))="cash","Cash","Digital") -> Digital | V11: =MONTH(Table1[[#This Row],[Date]]) -> 10
A12: =DATE(2026, MONTH(Raw_Data!A12), DAY(Raw_Data!A12)) -> 46327 | B12: Food | C12: =IF(LOWER(TRIM(B12))="food","Food",IF(LOWER(TRIM(B12))="travel","Travel",IF(LOWER(TRIM(B12))="entertainment","Entertainment","Other"))) -> Food | E12: =IF(TRIM(D12)="","Not Specified", IF(C12="Food", IF(LOWER(D12)="lunch","Lunch", IF(LOWER(D12)="dinner","Dinner","Snacks")), IF(C12="Travel", IF(LOWER(D12)="bus","Bus","Bus"), IF(C12="Entertainment", IF(LOWER(D12)="movie","Movie","Other"), "Other")))) -> Not Specified | G12: =IF(TRIM(F12)="","Not Provided",PROPER(TRIM(F12))) -> Not Provided | H12: 90 | I12: =IF(H12="","",VALUE(SUBSTITUTE(SUBSTITUTE(SUBSTITUTE(LOWER(H12),"rs",""),"/-",""),"$",""))) -> 90 | J12: cash | K12: =IF(TRIM(J12)="","Not Specified",IF(LOWER(J12)="upi","UPI",IF(LOWER(J12)="cash","Cash",IF(LOWER(J12)="card","Card","Other")))) -> Cash | L12: outside | M12: =IF(TRIM(L12)="","Not Specified",PROPER(TRIM(L12))) -> Outside | O12: =IF(TRIM(N12)="","Not Specified",PROPER(TRIM(N12))) -> Not Specified | P12: =TEXT(Table1[[#This Row],[Date]],"mmmm") -> November | Q12: =YEAR(Table1[[#This Row],[Date]]) -> 2026 | R12: =TEXT(Table1[[#This Row],[Date]],"dddd") -> Sunday | S12: =IF(WEEKDAY(Table1[[#This Row],[Date]],2)>5,"Weekend","Weekday") -> Weekend | T12: =IF(Table1[[#This Row],[Amount_Clean]]>500,"High","Normal") -> Normal | U12: =IF(LOWER(TRIM(Table1[[#This Row],[PaymentMode_Clean]]))="cash","Cash","Digital") -> Cash | V12: =MONTH(Table1[[#This Row],[Date]]) -> 11
A13: =DATE(2026, MONTH(Raw_Data!A13), DAY(Raw_Data!A13)) -> 46357 | B13: Food | C13: =IF(LOWER(TRIM(B13))="food","Food",IF(LOWER(TRIM(B13))="travel","Travel",IF(LOWER(TRIM(B13))="entertainment","Entertainment","Other"))) -> Food | D13: dinner | E13: =IF(TRIM(D13)="","Not Specified", IF(C13="Food", IF(LOWER(D13)="lunch","Lunch", IF(LOWER(D13)="dinner","Dinner","Snacks")), IF(C13="Travel", IF(LOWER(D13)="bus","Bus","Bus"), IF(C13="Entertainment", IF(LOWER(D13)="movie","Movie","Other"), "Other")))) -> Dinner | F13: zomato | G13: =IF(TRIM(F13)="","Not Provided",PROPER(TRIM(F13))) -> Zomato | H13: 280rs | I13: =IF(H13="","",VALUE(SUBSTITUTE(SUBSTITUTE(SUBSTITUTE(LOWER(H13),"rs",""),"/-",""),"$",""))) -> 280 | J13: UPI | K13: =IF(TRIM(J13)="","Not Specified",IF(LOWER(J13)="upi","UPI",IF(LOWER(J13)="cash","Cash",IF(LOWER(J13)="card","Card","Other")))) -> UPI | L13: home | M13: =IF(TRIM(L13)="","Not Specified",PROPER(TRIM(L13))) -> Home | N13: late | O13: =IF(TRIM(N13)="","Not Specified",PROPER(TRIM(N13))) -> Late | P13: =TEXT(Table1[[#This Row],[Date]],"mmmm") -> December | Q13: =YEAR(Table1[[#This Row],[Date]]) -> 2026 | R13: =TEXT(Table1[[#This Row],[Date]],"dddd") -> Tuesday | S13: =IF(WEEKDAY(Table1[[#This Row],[Date]],2)>5,"Weekend","Weekday") -> Weekday | T13: =IF(Table1[[#This Row],[Amount_Clean]]>500,"High","Normal") -> Normal | U13: =IF(LOWER(TRIM(Table1[[#This Row],[PaymentMode_Clean]]))="cash","Cash","Digital") -> Digital | V13: =MONTH(Table1[[#This Row],[Date]]) -> 12
A14: =DATE(2026, MONTH(Raw_Data!A14), DAY(Raw_Data!A14)) -> 46023 | B14: Food | C14: =IF(LOWER(TRIM(B14))="food","Food",IF(LOWER(TRIM(B14))="travel","Travel",IF(LOWER(TRIM(B14))="entertainment","Entertainment","Other"))) -> Food | E14: =IF(TRIM(D14)="","Not Specified", IF(C14="Food", IF(LOWER(D14)="lunch","Lunch", IF(LOWER(D14)="dinner","Dinner","Snacks")), IF(C14="Travel", IF(LOWER(D14)="bus","Bus","Bus"), IF(C14="Entertainment", IF(LOWER(D14)="movie","Movie","Other"), "Other")))) -> Not Specified | G14: =IF(TRIM(F14)="","Not Provided",PROPER(TRIM(F14))) -> Not Provided | H14: 90 | I14: =IF(H14="","",VALUE(SUBSTITUTE(SUBSTITUTE(SUBSTITUTE(LOWER(H14),"rs",""),"/-",""),"$",""))) -> 90 | J14: cash | K14: =IF(TRIM(J14)="","Not Specified",IF(LOWER(J14)="upi","UPI",IF(LOWER(J14)="cash","Cash",IF(LOWER(J14)="card","Card","Other")))) -> Cash | L14: outside | M14: =IF(TRIM(L14)="","Not Specified",PROPER(TRIM(L14))) -> Outside | O14: =IF(TRIM(N14)="","Not Specified",PROPER(TRIM(N14))) -> Not Specified | P14: =TEXT(Table1[[#This Row],[Date]],"mmmm") -> January | Q14: =YEAR(Table1[[#This Row],[Date]]) -> 2026 | R14: =TEXT(Table1[[#This Row],[Date]],"dddd") -> Thursday | S14: =IF(WEEKDAY(Table1[[#This Row],[Date]],2)>5,"Weekend","Weekday") -> Weekday | T14: =IF(Table1[[#This Row],[Amount_Clean]]>500,"High","Normal") -> Normal | U14: =IF(LOWER(TRIM(Table1[[#This Row],[PaymentMode_Clean]]))="cash","Cash","Digital") -> Cash | V14: =MONTH(Table1[[#This Row],[Date]]) -> 1
A15: =DATE(2026, MONTH(Raw_Data!A15), DAY(Raw_Data!A15)) -> 46054 | B15: Travel | C15: =IF(LOWER(TRIM(B15))="food","Food",IF(LOWER(TRIM(B15))="travel","Travel",IF(LOWER(TRIM(B15))="entertainment","Entertainment","Other"))) -> Travel | D15: Bus | E15: =IF(TRIM(D15)="","Not Specified", IF(C15="Food", IF(LOWER(D15)="lunch","Lunch", IF(LOWER(D15)="dinner","Dinner","Snacks")), IF(C15="Travel", IF(LOWER(D15)="bus","Bus","Bus"), IF(C15="Entertainment", IF(LOWER(D15)="movie","Movie","Other"), "Other")))) -> Bus | F15: college bus | G15: =IF(TRIM(F15)="","Not Provided",PROPER(TRIM(F15))) -> College Bus | H15: 40 | I15: =IF(H15="","",VALUE(SUBSTITUTE(SUBSTITUTE(SUBSTITUTE(LOWER(H15),"rs",""),"/-",""),"$",""))) -> 40 | J15: cash | K15: =IF(TRIM(J15)="","Not Specified",IF(LOWER(J15)="upi","UPI",IF(LOWER(J15)="cash","Cash",IF(LOWER(J15)="card","Card","Other")))) -> Cash | L15: outside | M15: =IF(TRIM(L15)="","Not Specified",PROPER(TRIM(L15))) -> Outside | O15: =IF(TRIM(N15)="","Not Specified",PROPER(TRIM(N15))) -> Not Specified | P15: =TEXT(Table1[[#This Row],[Date]],"mmmm") -> February | Q15: =YEAR(Table1[[#This Row],[Date]]) -> 2026 | R15: =TEXT(Table1[[#This Row],[Date]],"dddd") -> Sunday | S15: =IF(WEEKDAY(Table1[[#This Row],[Date]],2)>5,"Weekend","Weekday") -> Weekend | T15: =IF(Table1[[#This Row],[Amount_Clean]]>500,"High","Normal") -> Normal | U15: =IF(LOWER(TRIM(Table1[[#This Row],[PaymentMode_Clean]]))="cash","Cash","Digital") -> Cash | V15: =MONTH(Table1[[#This Row],[Date]]) -> 2
A16: =DATE(2026, MONTH(Raw_Data!A16), DAY(Raw_Data!A16)) -> 46082 | B16: Entertainment | C16: =IF(LOWER(TRIM(B16))="food","Food",IF(LOWER(TRIM(B16))="travel","Travel",IF(LOWER(TRIM(B16))="entertainment","Entertainment","Other"))) -> Entertainment | D16: Movie | E16: =IF(TRIM(D16)="","Not Specified", IF(C16="Food", IF(LOWER(D16)="lunch","Lunch", IF(LOWER(D16)="dinner","Dinner","Snacks")), IF(C16="Travel", IF(LOWER(D16)="bus","Bus","Bus"), IF(C16="Entertainment", IF(LOWER(D16)="movie","Movie","Other"), "Other")))) -> Movie | G16: =IF(TRIM(F16)="","Not Provided",PROPER(TRIM(F16))) -> Not Provided | H16: 350 | I16: =IF(H16="","",VALUE(SUBSTITUTE(SUBSTITUTE(SUBSTITUTE(LOWER(H16),"rs",""),"/-",""),"$",""))) -> 350 | J16: card | K16: =IF(TRIM(J16)="","Not Specified",IF(LOWER(J16)="upi","UPI",IF(LOWER(J16)="cash","Cash",IF(LOWER(J16)="card","Card","Other")))) -> Card | L16: mall | M16: =IF(TRIM(L16)="","Not Specified",PROPER(TRIM(L16))) -> Mall | O16: =IF(TRIM(N16)="","Not Specified",PROPER(TRIM(N16))) -> Not Specified | P16: =TEXT(Table1[[#This Row],[Date]],"mmmm") -> March | Q16: =YEAR(Table1[[#This Row],[Date]]) -> 2026 | R16: =TEXT(Table1[[#This Row],[Date]],"dddd") -> Sunday | S16: =IF(WEEKDAY(Table1[[#This Row],[Date]],2)>5,"Weekend","Weekday") -> Weekend | T16: =IF(Table1[[#This Row],[Amount_Clean]]>500,"High","Normal") -> Normal | U16: =IF(LOWER(TRIM(Table1[[#This Row],[PaymentMode_Clean]]))="cash","Cash","Digital") -> Digital | V16: =MONTH(Table1[[#This Row],[Date]]) -> 3
A17: =DATE(2026, MONTH(Raw_Data!A17), DAY(Raw_Data!A17)) -> 46113 | B17: Food | C17: =IF(LOWER(TRIM(B17))="food","Food",IF(LOWER(TRIM(B17))="travel","Travel",IF(LOWER(TRIM(B17))="entertainment","Entertainment","Other"))) -> Food | E17: =IF(TRIM(D17)="","Not Specified", IF(C17="Food", IF(LOWER(D17)="lunch","Lunch", IF(LOWER(D17)="dinner","Dinner","Snacks")), IF(C17="Travel", IF(LOWER(D17)="bus","Bus","Bus"), IF(C17="Entertainment", IF(LOWER(D17)="movie","Movie","Other"), "Other")))) -> Not Specified | G17: =IF(TRIM(F17)="","Not Provided",PROPER(TRIM(F17))) -> Not Provided | H17: 90 | I17: =IF(H17="","",VALUE(SUBSTITUTE(SUBSTITUTE(SUBSTITUTE(LOWER(H17),"rs",""),"/-",""),"$",""))) -> 90 | J17: cash | K17: =IF(TRIM(J17)="","Not Specified",IF(LOWER(J17)="upi","UPI",IF(LOWER(J17)="cash","Cash",IF(LOWER(J17)="card","Card","Other")))) -> Cash | L17: outside | M17: =IF(TRIM(L17)="","Not Specified",PROPER(TRIM(L17))) -> Outside | O17: =IF(TRIM(N17)="","Not Specified",PROPER(TRIM(N17))) -> Not Specified | P17: =TEXT(Table1[[#This Row],[Date]],"mmmm") -> April | Q17: =YEAR(Table1[[#This Row],[Date]]) -> 2026 | R17: =TEXT(Table1[[#This Row],[Date]],"dddd") -> Wednesday | S17: =IF(WEEKDAY(Table1[[#This Row],[Date]],2)>5,"Weekend","Weekday") -> Weekday | T17: =IF(Table1[[#This Row],[Amount_Clean]]>500,"High","Normal") -> Normal | U17: =IF(LOWER(TRIM(Table1[[#This Row],[PaymentMode_Clean]]))="cash","Cash","Digital") -> Cash | V17: =MONTH(Table1[[#This Row],[Date]]) -> 4
A18: =DATE(2026, MONTH(Raw_Data!A18), DAY(Raw_Data!A18)) -> 46143 | B18: Travel | C18: =IF(LOWER(TRIM(B18))="food","Food",IF(LOWER(TRIM(B18))="travel","Travel",IF(LOWER(TRIM(B18))="entertainment","Entertainment","Other"))) -> Travel | D18: Bus | E18: =IF(TRIM(D18)="","Not Specified", IF(C18="Food", IF(LOWER(D18)="lunch","Lunch", IF(LOWER(D18)="dinner","Dinner","Snacks")), IF(C18="Travel", IF(LOWER(D18)="bus","Bus","Bus"), IF(C18="Entertainment", IF(LOWER(D18)="movie","Movie","Other"), "Other")))) -> Bus | F18: college bus | G18: =IF(TRIM(F18)="","Not Provided",PROPER(TRIM(F18))) -> College Bus | H18: 40 | I18: =IF(H18="","",VALUE(SUBSTITUTE(SUBSTITUTE(SUBSTITUTE(LOWER(H18),"rs",""),"/-",""),"$",""))) -> 40 | J18: cash | K18: =IF(TRIM(J18)="","Not Specified",IF(LOWER(J18)="upi","UPI",IF(LOWER(J18)="cash","Cash",IF(LOWER(J18)="card","Card","Other")))) -> Cash | L18: outside | M18: =IF(TRIM(L18)="","Not Specified",PROPER(TRIM(L18))) -> Outside | O18: =IF(TRIM(N18)="","Not Specified",PROPER(TRIM(N18))) -> Not Specified | P18: =TEXT(Table1[[#This Row],[Date]],"mmmm") -> May | Q18: =YEAR(Table1[[#This Row],[Date]]) -> 2026 | R18: =TEXT(Table1[[#This Row],[Date]],"dddd") -> Friday | S18: =IF(WEEKDAY(Table1[[#This Row],[Date]],2)>5,"Weekend","Weekday") -> Weekday | T18: =IF(Table1[[#This Row],[Amount_Clean]]>500,"High","Normal") -> Normal | U18: =IF(LOWER(TRIM(Table1[[#This Row],[PaymentMode_Clean]]))="cash","Cash","Digital") -> Cash | V18: =MONTH(Table1[[#This Row],[Date]]) -> 5
A19: =DATE(2026, MONTH(Raw_Data!A19), DAY(Raw_Data!A19)) -> 46174 | B19: Entertainment | C19: =IF(LOWER(TRIM(B19))="food","Food",IF(LOWER(TRIM(B19))="travel","Travel",IF(LOWER(TRIM(B19))="entertainment","Entertainment","Other"))) -> Entertainment | D19: Movie | E19: =IF(TRIM(D19)="","Not Specified", IF(C19="Food", IF(LOWER(D19)="lunch","Lunch", IF(LOWER(D19)="dinner","Dinner","Snacks")), IF(C19="Travel", IF(LOWER(D19)="bus","Bus","Bus"), IF(C19="Entertainment", IF(LOWER(D19)="movie","Movie","Other"), "Other")))) -> Movie | G19: =IF(TRIM(F19)="","Not Provided",PROPER(TRIM(F19))) -> Not Provided | H19: 350 | I19: =IF(H19="","",VALUE(SUBSTITUTE(SUBSTITUTE(SUBSTITUTE(LOWER(H19),"rs",""),"/-",""),"$",""))) -> 350 | J19: card | K19: =IF(TRIM(J19)="","Not Specified",IF(LOWER(J19)="upi","UPI",IF(LOWER(J19)="cash","Cash",IF(LOWER(J19)="card","Card","Other")))) -> Card | L19: mall | M19: =IF(TRIM(L19)="","Not Specified",PROPER(TRIM(L19))) -> Mall | O19: =IF(TRIM(N19)="","Not Specified",PROPER(TRIM(N19))) -> Not Specified | P19: =TEXT(Table1[[#This Row],[Date]],"mmmm") -> June | Q19: =YEAR(Table1[[#This Row],[Date]]) -> 2026 | R19: =TEXT(Table1[[#This Row],[Date]],"dddd") -> Monday | S19: =IF(WEEKDAY(Table1[[#This Row],[Date]],2)>5,"Weekend","Weekday") -> Weekday | T19: =IF(Table1[[#This Row],[Amount_Clean]]>500,"High","Normal") -> Normal | U19: =IF(LOWER(TRIM(Table1[[#This Row],[PaymentMode_Clean]]))="cash","Cash","Digital") -> Digital | V19: =MONTH(Table1[[#This Row],[Date]]) -> 6
A20: =DATE(2026, MONTH(Raw_Data!A20), DAY(Raw_Data!A20)) -> 46204 | B20: Entertainment | C20: =IF(LOWER(TRIM(B20))="food","Food",IF(LOWER(TRIM(B20))="travel","Travel",IF(LOWER(TRIM(B20))="entertainment","Entertainment","Other"))) -> Entertainment | D20: Movie | E20: =IF(TRIM(D20)="","Not Specified", IF(C20="Food", IF(LOWER(D20)="lunch","Lunch", IF(LOWER(D20)="dinner","Dinner","Snacks")), IF(C20="Travel", IF(LOWER(D20)="bus","Bus","Bus"), IF(C20="Entertainment", IF(LOWER(D20)="movie","Movie","Other"), "Other")))) -> Movie | G20: =IF(TRIM(F20)="","Not Provided",PROPER(TRIM(F20))) -> Not Provided | H20: 350 | I20: =IF(H20="","",VALUE(SUBSTITUTE(SUBSTITUTE(SUBSTITUTE(LOWER(H20),"rs",""),"/-",""),"$",""))) -> 350 | J20: card | K20: =IF(TRIM(J20)="","Not Specified",IF(LOWER(J20)="upi","UPI",IF(LOWER(J20)="cash","Cash",IF(LOWER(J20)="card","Card","Other")))) -> Card | L20: mall | M20: =IF(TRIM(L20)="","Not Specified",PROPER(TRIM(L20))) -> Mall | O20: =IF(TRIM(N20)="","Not Specified",PROPER(TRIM(N20))) -> Not Specified | P20: =TEXT(Table1[[#This Row],[Date]],"mmmm") -> July | Q20: =YEAR(Table1[[#This Row],[Date]]) -> 2026 | R20: =TEXT(Table1[[#This Row],[Date]],"dddd") -> Wednesday | S20: =IF(WEEKDAY(Table1[[#This Row],[Date]],2)>5,"Weekend","Weekday") -> Weekday | T20: =IF(Table1[[#This Row],[Amount_Clean]]>500,"High","Normal") -> Normal | U20: =IF(LOWER(TRIM(Table1[[#This Row],[PaymentMode_Clean]]))="cash","Cash","Digital") -> Digital | V20: =MONTH(Table1[[#This Row],[Date]]) -> 7
A21: =DATE(2026, MONTH(Raw_Data!A21), DAY(Raw_Data!A21)) -> 46235 | B21: Food | C21: =IF(LOWER(TRIM(B21))="food","Food",IF(LOWER(TRIM(B21))="travel","Travel",IF(LOWER(TRIM(B21))="entertainment","Entertainment","Other"))) -> Food | E21: =IF(TRIM(D21)="","Not Specified", IF(C21="Food", IF(LOWER(D21)="lunch","Lunch", IF(LOWER(D21)="dinner","Dinner","Snacks")), IF(C21="Travel", IF(LOWER(D21)="bus","Bus","Bus"), IF(C21="Entertainment", IF(LOWER(D21)="movie","Movie","Other"), "Other")))) -> Not Specified | G21: =IF(TRIM(F21)="","Not Provided",PROPER(TRIM(F21))) -> Not Provided | H21: 90 | I21: =IF(H21="","",VALUE(SUBSTITUTE(SUBSTITUTE(SUBSTITUTE(LOWER(H21),"rs",""),"/-",""),"$",""))) -> 90 | J21: cash | K21: =IF(TRIM(J21)="","Not Specified",IF(LOWER(J21)="upi","UPI",IF(LOWER(J21)="cash","Cash",IF(LOWER(J21)="card","Card","Other")))) -> Cash | L21: outside | M21: =IF(TRIM(L21)="","Not Specified",PROPER(TRIM(L21))) -> Outside | O21: =IF(TRIM(N21)="","Not Specified",PROPER(TRIM(N21))) -> Not Specified | P21: =TEXT(Table1[[#This Row],[Date]],"mmmm") -> August | Q21: =YEAR(Table1[[#This Row],[Date]]) -> 2026 | R21: =TEXT(Table1[[#This Row],[Date]],"dddd") -> Saturday | S21: =IF(WEEKDAY(Table1[[#This Row],[Date]],2)>5,"Weekend","Weekday") -> Weekend | T21: =IF(Table1[[#This Row],[Amount_Clean]]>500,"High","Normal") -> Normal | U21: =IF(LOWER(TRIM(Table1[[#This Row],[PaymentMode_Clean]]))="cash","Cash","Digital") -> Cash | V21: =MONTH(Table1[[#This Row],[Date]]) -> 8
A22: =DATE(2026, MONTH(Raw_Data!A22), DAY(Raw_Data!A22)) -> 46266 | B22: food | C22: =IF(LOWER(TRIM(B22))="food","Food",IF(LOWER(TRIM(B22))="travel","Travel",IF(LOWER(TRIM(B22))="entertainment","Entertainment","Other"))) -> Food | D22: lunch | E22: =IF(TRIM(D22)="","Not Specified", IF(C22="Food", IF(LOWER(D22)="lunch","Lunch", IF(LOWER(D22)="dinner","Dinner","Snacks")), IF(C22="Travel", IF(LOWER(D22)="bus","Bus","Bus"), IF(C22="Entertainment", IF(LOWER(D22)="movie","Movie","Other"), "Other")))) -> Lunch | F22: canteen | G22: =IF(TRIM(F22)="","Not Provided",PROPER(TRIM(F22))) -> Canteen | H22: 200/- | I22: =IF(H22="","",VALUE(SUBSTITUTE(SUBSTITUTE(SUBSTITUTE(LOWER(H22),"rs",""),"/-",""),"$",""))) -> 200 | J22: upi | K22: =IF(TRIM(J22)="","Not Specified",IF(LOWER(J22)="upi","UPI",IF(LOWER(J22)="cash","Cash",IF(LOWER(J22)="card","Card","Other")))) -> UPI | L22: outside | M22: =IF(TRIM(L22)="","Not Specified",PROPER(TRIM(L22))) -> Outside | O22: =IF(TRIM(N22)="","Not Specified",PROPER(TRIM(N22))) -> Not Specified | P22: =TEXT(Table1[[#This Row],[Date]],"mmmm") -> September | Q22: =YEAR(Table1[[#This Row],[Date]]) -> 2026 | R22: =TEXT(Table1[[#This Row],[Date]],"dddd") -> Tuesday | S22: =IF(WEEKDAY(Table1[[#This Row],[Date]],2)>5,"Weekend","Weekday") -> Weekday | T22: =IF(Table1[[#This Row],[Amount_Clean]]>500,"High","Normal") -> Normal | U22: =IF(LOWER(TRIM(Table1[[#This Row],[PaymentMode_Clean]]))="cash","Cash","Digital") -> Digital | V22: =MONTH(Table1[[#This Row],[Date]]) -> 9
A23: =DATE(2026, MONTH(Raw_Data!A23), DAY(Raw_Data!A23)) -> 46296 | B23: Food | C23: =IF(LOWER(TRIM(B23))="food","Food",IF(LOWER(TRIM(B23))="travel","Travel",IF(LOWER(TRIM(B23))="entertainment","Entertainment","Other"))) -> Food | D23: dinner | E23: =IF(TRIM(D23)="","Not Specified", IF(C23="Food", IF(LOWER(D23)="lunch","Lunch", IF(LOWER(D23)="dinner","Dinner","Snacks")), IF(C23="Travel", IF(LOWER(D23)="bus","Bus","Bus"), IF(C23="Entertainment", IF(LOWER(D23)="movie","Movie","Other"), "Other")))) -> Dinner | F23: zomato | G23: =IF(TRIM(F23)="","Not Provided",PROPER(TRIM(F23))) -> Zomato | H23: 280rs | I23: =IF(H23="","",VALUE(SUBSTITUTE(SUBSTITUTE(SUBSTITUTE(LOWER(H23),"rs",""),"/-",""),"$",""))) -> 280 | J23: UPI | K23: =IF(TRIM(J23)="","Not Specified",IF(LOWER(J23)="upi","UPI",IF(LOWER(J23)="cash","Cash",IF(LOWER(J23)="card","Card","Other")))) -> UPI | L23: home | M23: =IF(TRIM(L23)="","Not Specified",PROPER(TRIM(L23))) -> Home | N23: late | O23: =IF(TRIM(N23)="","Not Specified",PROPER(TRIM(N23))) -> Late | P23: =TEXT(Table1[[#This Row],[Date]],"mmmm") -> October | Q23: =YEAR(Table1[[#This Row],[Date]]) -> 2026 | R23: =TEXT(Table1[[#This Row],[Date]],"dddd") -> Thursday | S23: =IF(WEEKDAY(Table1[[#This Row],[Date]],2)>5,"Weekend","Weekday") -> Weekday | T23: =IF(Table1[[#This Row],[Amount_Clean]]>500,"High","Normal") -> Normal | U23: =IF(LOWER(TRIM(Table1[[#This Row],[PaymentMode_Clean]]))="cash","Cash","Digital") -> Digital | V23: =MONTH(Table1[[#This Row],[Date]]) -> 10
A24: =DATE(2026, MONTH(Raw_Data!A24), DAY(Raw_Data!A24)) -> 46327 | B24: Food | C24: =IF(LOWER(TRIM(B24))="food","Food",IF(LOWER(TRIM(B24))="travel","Travel",IF(LOWER(TRIM(B24))="entertainment","Entertainment","Other"))) -> Food | E24: =IF(TRIM(D24)="","Not Specified", IF(C24="Food", IF(LOWER(D24)="lunch","Lunch", IF(LOWER(D24)="dinner","Dinner","Snacks")), IF(C24="Travel", IF(LOWER(D24)="bus","Bus","Bus"), IF(C24="Entertainment", IF(LOWER(D24)="movie","Movie","Other"), "Other")))) -> Not Specified | G24: =IF(TRIM(F24)="","Not Provided",PROPER(TRIM(F24))) -> Not Provided | H24: 90 | I24: =IF(H24="","",VALUE(SUBSTITUTE(SUBSTITUTE(SUBSTITUTE(LOWER(H24),"rs",""),"/-",""),"$",""))) -> 90 | J24: cash | K24: =IF(TRIM(J24)="","Not Specified",IF(LOWER(J24)="upi","UPI",IF(LOWER(J24)="cash","Cash",IF(LOWER(J24)="card","Card","Other")))) -> Cash | L24: outside | M24: =IF(TRIM(L24)="","Not Specified",PROPER(TRIM(L24))) -> Outside | O24: =IF(TRIM(N24)="","Not Specified",PROPER(TRIM(N24))) -> Not Specified | P24: =TEXT(Table1[[#This Row],[Date]],"mmmm") -> November | Q24: =YEAR(Table1[[#This Row],[Date]]) -> 2026 | R24: =TEXT(Table1[[#This Row],[Date]],"dddd") -> Sunday | S24: =IF(WEEKDAY(Table1[[#This Row],[Date]],2)>5,"Weekend","Weekday") -> Weekend | T24: =IF(Table1[[#This Row],[Amount_Clean]]>500,"High","Normal") -> Normal | U24: =IF(LOWER(TRIM(Table1[[#This Row],[PaymentMode_Clean]]))="cash","Cash","Digital") -> Cash | V24: =MONTH(Table1[[#This Row],[Date]]) -> 11
A25: =DATE(2026, MONTH(Raw_Data!A25), DAY(Raw_Data!A25)) -> 46357 | B25: Travel | C25: =IF(LOWER(TRIM(B25))="food","Food",IF(LOWER(TRIM(B25))="travel","Travel",IF(LOWER(TRIM(B25))="entertainment","Entertainment","Other"))) -> Travel | D25: Bus | E25: =IF(TRIM(D25)="","Not Specified", IF(C25="Food", IF(LOWER(D25)="lunch","Lunch", IF(LOWER(D25)="dinner","Dinner","Snacks")), IF(C25="Travel", IF(LOWER(D25)="bus","Bus","Bus"), IF(C25="Entertainment", IF(LOWER(D25)="movie","Movie","Other"), "Other")))) -> Bus | F25: college bus | G25: =IF(TRIM(F25)="","Not Provided",PROPER(TRIM(F25))) -> College Bus | H25: 40 | I25: =IF(H25="","",VALUE(SUBSTITUTE(SUBSTITUTE(SUBSTITUTE(LOWER(H25),"rs",""),"/-",""),"$",""))) -> 40 | J25: cash | K25: =IF(TRIM(J25)="","Not Specified",IF(LOWER(J25)="upi","UPI",IF(LOWER(J25)="cash","Cash",IF(LOWER(J25)="card","Card","Other")))) -> Cash | L25: outside | M25: =IF(TRIM(L25)="","Not Specified",PROPER(TRIM(L25))) -> Outside | O25: =IF(TRIM(N25)="","Not Specified",PROPER(TRIM(N25))) -> Not Specified | P25: =TEXT(Table1[[#This Row],[Date]],"mmmm") -> December | Q25: =YEAR(Table1[[#This Row],[Date]]) -> 2026 | R25: =TEXT(Table1[[#This Row],[Date]],"dddd") -> Tuesday | S25: =IF(WEEKDAY(Table1[[#This Row],[Date]],2)>5,"Weekend","Weekday") -> Weekday | T25: =IF(Table1[[#This Row],[Amount_Clean]]>500,"High","Normal") -> Normal | U25: =IF(LOWER(TRIM(Table1[[#This Row],[PaymentMode_Clean]]))="cash","Cash","Digital") -> Cash | V25: =MONTH(Table1[[#This Row],[Date]]) -> 12
A26: =DATE(2026, MONTH(Raw_Data!A26), DAY(Raw_Data!A26)) -> 46023 | B26: Entertainment | C26: =IF(LOWER(TRIM(B26))="food","Food",IF(LOWER(TRIM(B26))="travel","Travel",IF(LOWER(TRIM(B26))="entertainment","Entertainment","Other"))) -> Entertainment | D26: Movie | E26: =IF(TRIM(D26)="","Not Specified", IF(C26="Food", IF(LOWER(D26)="lunch","Lunch", IF(LOWER(D26)="dinner","Dinner","Snacks")), IF(C26="Travel", IF(LOWER(D26)="bus","Bus","Bus"), IF(C26="Entertainment", IF(LOWER(D26)="movie","Movie","Other"), "Other")))) -> Movie | G26: =IF(TRIM(F26)="","Not Provided",PROPER(TRIM(F26))) -> Not Provided | H26: 350 | I26: =IF(H26="","",VALUE(SUBSTITUTE(SUBSTITUTE(SUBSTITUTE(LOWER(H26),"rs",""),"/-",""),"$",""))) -> 350 | J26: card | K26: =IF(TRIM(J26)="","Not Specified",IF(LOWER(J26)="upi","UPI",IF(LOWER(J26)="cash","Cash",IF(LOWER(J26)="card","Card","Other")))) -> Card | L26: mall | M26: =IF(TRIM(L26)="","Not Specified",PROPER(TRIM(L26))) -> Mall | O26: =IF(TRIM(N26)="","Not Specified",PROPER(TRIM(N26))) -> Not Specified | P26: =TEXT(Table1[[#This Row],[Date]],"mmmm") -> January | Q26: =YEAR(Table1[[#This Row],[Date]]) -> 2026 | R26: =TEXT(Table1[[#This Row],[Date]],"dddd") -> Thursday | S26: =IF(WEEKDAY(Table1[[#This Row],[Date]],2)>5,"Weekend","Weekday") -> Weekday | T26: =IF(Table1[[#This Row],[Amount_Clean]]>500,"High","Normal") -> Normal | U26: =IF(LOWER(TRIM(Table1[[#This Row],[PaymentMode_Clean]]))="cash","Cash","Digital") -> Digital | V26: =MONTH(Table1[[#This Row],[Date]]) -> 1
A27: =DATE(2026, MONTH(Raw_Data!A27), DAY(Raw_Data!A27)) -> 46054 | B27: Food | C27: =IF(LOWER(TRIM(B27))="food","Food",IF(LOWER(TRIM(B27))="travel","Travel",IF(LOWER(TRIM(B27))="entertainment","Entertainment","Other"))) -> Food | E27: =IF(TRIM(D27)="","Not Specified", IF(C27="Food", IF(LOWER(D27)="lunch","Lunch", IF(LOWER(D27)="dinner","Dinner","Snacks")), IF(C27="Travel", IF(LOWER(D27)="bus","Bus","Bus"), IF(C27="Entertainment", IF(LOWER(D27)="movie","Movie","Other"), "Other")))) -> Not Specified | G27: =IF(TRIM(F27)="","Not Provided",PROPER(TRIM(F27))) -> Not Provided | H27: 90 | I27: =IF(H27="","",VALUE(SUBSTITUTE(SUBSTITUTE(SUBSTITUTE(LOWER(H27),"rs",""),"/-",""),"$",""))) -> 90 | J27: cash | K27: =IF(TRIM(J27)="","Not Specified",IF(LOWER(J27)="upi","UPI",IF(LOWER(J27)="cash","Cash",IF(LOWER(J27)="card","Card","Other")))) -> Cash | L27: outside | M27: =IF(TRIM(L27)="","Not Specified",PROPER(TRIM(L27))) -> Outside | O27: =IF(TRIM(N27)="","Not Specified",PROPER(TRIM(N27))) -> Not Specified | P27: =TEXT(Table1[[#This Row],[Date]],"mmmm") -> February | Q27: =YEAR(Table1[[#This Row],[Date]]) -> 2026 | R27: =TEXT(Table1[[#This Row],[Date]],"dddd") -> Sunday | S27: =IF(WEEKDAY(Table1[[#This Row],[Date]],2)>5,"Weekend","Weekday") -> Weekend | T27: =IF(Table1[[#This Row],[Amount_Clean]]>500,"High","Normal") -> Normal | U27: =IF(LOWER(TRIM(Table1[[#This Row],[PaymentMode_Clean]]))="cash","Cash","Digital") -> Cash | V27: =MONTH(Table1[[#This Row],[Date]]) -> 2
A28: =DATE(2026, MONTH(Raw_Data!A28), DAY(Raw_Data!A28)) -> 46082 | B28: food | C28: =IF(LOWER(TRIM(B28))="food","Food",IF(LOWER(TRIM(B28))="travel","Travel",IF(LOWER(TRIM(B28))="entertainment","Entertainment","Other"))) -> Food | D28: lunch | E28: =IF(TRIM(D28)="","Not Specified", IF(C28="Food", IF(LOWER(D28)="lunch","Lunch", IF(LOWER(D28)="dinner","Dinner","Snacks")), IF(C28="Travel", IF(LOWER(D28)="bus","Bus","Bus"), IF(C28="Entertainment", IF(LOWER(D28)="movie","Movie","Other"), "Other")))) -> Lunch | F28: canteen | G28: =IF(TRIM(F28)="","Not Provided",PROPER(TRIM(F28))) -> Canteen | H28: 200/- | I28: =IF(H28="","",VALUE(SUBSTITUTE(SUBSTITUTE(SUBSTITUTE(LOWER(H28),"rs",""),"/-",""),"$",""))) -> 200 | J28: upi | K28: =IF(TRIM(J28)="","Not Specified",IF(LOWER(J28)="upi","UPI",IF(LOWER(J28)="cash","Cash",IF(LOWER(J28)="card","Card","Other")))) -> UPI | L28: outside | M28: =IF(TRIM(L28)="","Not Specified",PROPER(TRIM(L28))) -> Outside | O28: =IF(TRIM(N28)="","Not Specified",PROPER(TRIM(N28))) -> Not Specified | P28: =TEXT(Table1[[#This Row],[Date]],"mmmm") -> March | Q28: =YEAR(Table1[[#This Row],[Date]]) -> 2026 | R28: =TEXT(Table1[[#This Row],[Date]],"dddd") -> Sunday | S28: =IF(WEEKDAY(Table1[[#This Row],[Date]],2)>5,"Weekend","Weekday") -> Weekend | T28: =IF(Table1[[#This Row],[Amount_Clean]]>500,"High","Normal") -> Normal | U28: =IF(LOWER(TRIM(Table1[[#This Row],[PaymentMode_Clean]]))="cash","Cash","Digital") -> Digital | V28: =MONTH(Table1[[#This Row],[Date]]) -> 3
A29: =DATE(2026, MONTH(Raw_Data!A29), DAY(Raw_Data!A29)) -> 46113 | B29: Food | C29: =IF(LOWER(TRIM(B29))="food","Food",IF(LOWER(TRIM(B29))="travel","Travel",IF(LOWER(TRIM(B29))="entertainment","Entertainment","Other"))) -> Food | D29: dinner | E29: =IF(TRIM(D29)="","Not Specified", IF(C29="Food", IF(LOWER(D29)="lunch","Lunch", IF(LOWER(D29)="dinner","Dinner","Snacks")), IF(C29="Travel", IF(LOWER(D29)="bus","Bus","Bus"), IF(C29="Entertainment", IF(LOWER(D29)="movie","Movie","Other"), "Other")))) -> Dinner | F29: zomato | G29: =IF(TRIM(F29)="","Not Provided",PROPER(TRIM(F29))) -> Zomato | H29: 280rs | I29: =IF(H29="","",VALUE(SUBSTITUTE(SUBSTITUTE(SUBSTITUTE(LOWER(H29),"rs",""),"/-",""),"$",""))) -> 280 | J29: UPI | K29: =IF(TRIM(J29)="","Not Specified",IF(LOWER(J29)="upi","UPI",IF(LOWER(J29)="cash","Cash",IF(LOWER(J29)="card","Card","Other")))) -> UPI | L29: home | M29: =IF(TRIM(L29)="","Not Specified",PROPER(TRIM(L29))) -> Home | N29: late | O29: =IF(TRIM(N29)="","Not Specified",PROPER(TRIM(N29))) -> Late | P29: =TEXT(Table1[[#This Row],[Date]],"mmmm") -> April | Q29: =YEAR(Table1[[#This Row],[Date]]) -> 2026 | R29: =TEXT(Table1[[#This Row],[Date]],"dddd") -> Wednesday | S29: =IF(WEEKDAY(Table1[[#This Row],[Date]],2)>5,"Weekend","Weekday") -> Weekday | T29: =IF(Table1[[#This Row],[Amount_Clean]]>500,"High","Normal") -> Normal | U29: =IF(LOWER(TRIM(Table1[[#This Row],[PaymentMode_Clean]]))="cash","Cash","Digital") -> Digital | V29: =MONTH(Table1[[#This Row],[Date]]) -> 4
A30: =DATE(2026, MONTH(Raw_Data!A30), DAY(Raw_Data!A30)) -> 46143 | B30: Food | C30: =IF(LOWER(TRIM(B30))="food","Food",IF(LOWER(TRIM(B30))="travel","Travel",IF(LOWER(TRIM(B30))="entertainment","Entertainment","Other"))) -> Food | E30: =IF(TRIM(D30)="","Not Specified", IF(C30="Food", IF(LOWER(D30)="lunch","Lunch", IF(LOWER(D30)="dinner","Dinner","Snacks")), IF(C30="Travel", IF(LOWER(D30)="bus","Bus","Bus"), IF(C30="Entertainment", IF(LOWER(D30)="movie","Movie","Other"), "Other")))) -> Not Specified | G30: =IF(TRIM(F30)="","Not Provided",PROPER(TRIM(F30))) -> Not Provided | H30: 90 | I30: =IF(H30="","",VALUE(SUBSTITUTE(SUBSTITUTE(SUBSTITUTE(LOWER(H30),"rs",""),"/-",""),"$",""))) -> 90 | J30: cash | K30: =IF(TRIM(J30)="","Not Specified",IF(LOWER(J30)="upi","UPI",IF(LOWER(J30)="cash","Cash",IF(LOWER(J30)="card","Card","Other")))) -> Cash | L30: outside | M30: =IF(TRIM(L30)="","Not Specified",PROPER(TRIM(L30))) -> Outside | O30: =IF(TRIM(N30)="","Not Specified",PROPER(TRIM(N30))) -> Not Specified | P30: =TEXT(Table1[[#This Row],[Date]],"mmmm") -> May | Q30: =YEAR(Table1[[#This Row],[Date]]) -> 2026 | R30: =TEXT(Table1[[#This Row],[Date]],"dddd") -> Friday | S30: =IF(WEEKDAY(Table1[[#This Row],[Date]],2)>5,"Weekend","Weekday") -> Weekday | T30: =IF(Table1[[#This Row],[Amount_Clean]]>500,"High","Normal") -> Normal | U30: =IF(LOWER(TRIM(Table1[[#This Row],[PaymentMode_Clean]]))="cash","Cash","Digital") -> Cash | V30: =MONTH(Table1[[#This Row],[Date]]) -> 5
A31: =DATE(2026, MONTH(Raw_Data!A31), DAY(Raw_Data!A31)) -> 46174 | B31: Travel | C31: =IF(LOWER(TRIM(B31))="food","Food",IF(LOWER(TRIM(B31))="travel","Travel",IF(LOWER(TRIM(B31))="entertainment","Entertainment","Other"))) -> Travel | D31: Bus | E31: =IF(TRIM(D31)="","Not Specified", IF(C31="Food", IF(LOWER(D31)="lunch","Lunch", IF(LOWER(D31)="dinner","Dinner","Snacks")), IF(C31="Travel", IF(LOWER(D31)="bus","Bus","Bus"), IF(C31="Entertainment", IF(LOWER(D31)="movie","Movie","Other"), "Other")))) -> Bus | F31: college bus | G31: =IF(TRIM(F31)="","Not Provided",PROPER(TRIM(F31))) -> College Bus | H31: 40 | I31: =IF(H31="","",VALUE(SUBSTITUTE(SUBSTITUTE(SUBSTITUTE(LOWER(H31),"rs",""),"/-",""),"$",""))) -> 40 | J31: cash | K31: =IF(TRIM(J31)="","Not Specified",IF(LOWER(J31)="upi","UPI",IF(LOWER(J31)="cash","Cash",IF(LOWER(J31)="card","Card","Other")))) -> Cash | L31: outside | M31: =IF(TRIM(L31)="","Not Specified",PROPER(TRIM(L31))) -> Outside | O31: =IF(TRIM(N31)="","Not Specified",PROPER(TRIM(N31))) -> Not Specified | P31: =TEXT(Table1[[#This Row],[Date]],"mmmm") -> June | Q31: =YEAR(Table1[[#This Row],[Date]]) -> 2026 | R31: =TEXT(Table1[[#This Row],[Date]],"dddd") -> Monday | S31: =IF(WEEKDAY(Table1[[#This Row],[Date]],2)>5,"Weekend","Weekday") -> Weekday | T31: =IF(Table1[[#This Row],[Amount_Clean]]>500,"High","Normal") -> Normal | U31: =IF(LOWER(TRIM(Table1[[#This Row],[PaymentMode_Clean]]))="cash","Cash","Digital") -> Cash | V31: =MONTH(Table1[[#This Row],[Date]]) -> 6
A32: =DATE(2026, MONTH(Raw_Data!A32), DAY(Raw_Data!A32)) -> 46204 | B32: Entertainment | C32: =IF(LOWER(TRIM(B32))="food","Food",IF(LOWER(TRIM(B32))="travel","Travel",IF(LOWER(TRIM(B32))="entertainment","Entertainment","Other"))) -> Entertainment | D32: Movie | E32: =IF(TRIM(D32)="","Not Specified", IF(C32="Food", IF(LOWER(D32)="lunch","Lunch", IF(LOWER(D32)="dinner","Dinner","Snacks")), IF(C32="Travel", IF(LOWER(D32)="bus","Bus","Bus"), IF(C32="Entertainment", IF(LOWER(D32)="movie","Movie","Other"), "Other")))) -> Movie | G32: =IF(TRIM(F32)="","Not Provided",PROPER(TRIM(F32))) -> Not Provided | H32: 350 | I32: =IF(H32="","",VALUE(SUBSTITUTE(SUBSTITUTE(SUBSTITUTE(LOWER(H32),"rs",""),"/-",""),"$",""))) -> 350 | J32: card | K32: =IF(TRIM(J32)="","Not Specified",IF(LOWER(J32)="upi","UPI",IF(LOWER(J32)="cash","Cash",IF(LOWER(J32)="card","Card","Other")))) -> Card | L32: mall | M32: =IF(TRIM(L32)="","Not Specified",PROPER(TRIM(L32))) -> Mall | O32: =IF(TRIM(N32)="","Not Specified",PROPER(TRIM(N32))) -> Not Specified | P32: =TEXT(Table1[[#This Row],[Date]],"mmmm") -> July | Q32: =YEAR(Table1[[#This Row],[Date]]) -> 2026 | R32: =TEXT(Table1[[#This Row],[Date]],"dddd") -> Wednesday | S32: =IF(WEEKDAY(Table1[[#This Row],[Date]],2)>5,"Weekend","Weekday") -> Weekday | T32: =IF(Table1[[#This Row],[Amount_Clean]]>500,"High","Normal") -> Normal | U32: =IF(LOWER(TRIM(Table1[[#This Row],[PaymentMode_Clean]]))="cash","Cash","Digital") -> Digital | V32: =MONTH(Table1[[#This Row],[Date]]) -> 7
A33: =DATE(2026, MONTH(Raw_Data!A33), DAY(Raw_Data!A33)) -> 46235 | B33: Food | C33: =IF(LOWER(TRIM(B33))="food","Food",IF(LOWER(TRIM(B33))="travel","Travel",IF(LOWER(TRIM(B33))="entertainment","Entertainment","Other"))) -> Food | E33: =IF(TRIM(D33)="","Not Specified", IF(C33="Food", IF(LOWER(D33)="lunch","Lunch", IF(LOWER(D33)="dinner","Dinner","Snacks")), IF(C33="Travel", IF(LOWER(D33)="bus","Bus","Bus"), IF(C33="Entertainment", IF(LOWER(D33)="movie","Movie","Other"), "Other")))) -> Not Specified | G33: =IF(TRIM(F33)="","Not Provided",PROPER(TRIM(F33))) -> Not Provided | H33: 90 | I33: =IF(H33="","",VALUE(SUBSTITUTE(SUBSTITUTE(SUBSTITUTE(LOWER(H33),"rs",""),"/-",""),"$",""))) -> 90 | J33: cash | K33: =IF(TRIM(J33)="","Not Specified",IF(LOWER(J33)="upi","UPI",IF(LOWER(J33)="cash","Cash",IF(LOWER(J33)="card","Card","Other")))) -> Cash | L33: outside | M33: =IF(TRIM(L33)="","Not Specified",PROPER(TRIM(L33))) -> Outside | O33: =IF(TRIM(N33)="","Not Specified",PROPER(TRIM(N33))) -> Not Specified | P33: =TEXT(Table1[[#This Row],[Date]],"mmmm") -> August | Q33: =YEAR(Table1[[#This Row],[Date]]) -> 2026 | R33: =TEXT(Table1[[#This Row],[Date]],"dddd") -> Saturday | S33: =IF(WEEKDAY(Table1[[#This Row],[Date]],2)>5,"Weekend","Weekday") -> Weekend | T33: =IF(Table1[[#This Row],[Amount_Clean]]>500,"High","Normal") -> Normal | U33: =IF(LOWER(TRIM(Table1[[#This Row],[PaymentMode_Clean]]))="cash","Cash","Digital") -> Cash | V33: =MONTH(Table1[[#This Row],[Date]]) -> 8
A34: =DATE(2026, MONTH(Raw_Data!A34), DAY(Raw_Data!A34)) -> 46266 | B34: Entertainment | C34: =IF(LOWER(TRIM(B34))="food","Food",IF(LOWER(TRIM(B34))="travel","Travel",IF(LOWER(TRIM(B34))="entertainment","Entertainment","Other"))) -> Entertainment | D34: Movie | E34: =IF(TRIM(D34)="","Not Specified", IF(C34="Food", IF(LOWER(D34)="lunch","Lunch", IF(LOWER(D34)="dinner","Dinner","Snacks")), IF(C34="Travel", IF(LOWER(D34)="bus","Bus","Bus"), IF(C34="Entertainment", IF(LOWER(D34)="movie","Movie","Other"), "Other")))) -> Movie | G34: =IF(TRIM(F34)="","Not Provided",PROPER(TRIM(F34))) -> Not Provided | H34: 350 | I34: =IF(H34="","",VALUE(SUBSTITUTE(SUBSTITUTE(SUBSTITUTE(LOWER(H34),"rs",""),"/-",""),"$",""))) -> 350 | J34: card | K34: =IF(TRIM(J34)="","Not Specified",IF(LOWER(J34)="upi","UPI",IF(LOWER(J34)="cash","Cash",IF(LOWER(J34)="card","Card","Other")))) -> Card | L34: mall | M34: =IF(TRIM(L34)="","Not Specified",PROPER(TRIM(L34))) -> Mall | O34: =IF(TRIM(N34)="","Not Specified",PROPER(TRIM(N34))) -> Not Specified | P34: =TEXT(Table1[[#This Row],[Date]],"mmmm") -> September | Q34: =YEAR(Table1[[#This Row],[Date]]) -> 2026 | R34: =TEXT(Table1[[#This Row],[Date]],"dddd") -> Tuesday | S34: =IF(WEEKDAY(Table1[[#This Row],[Date]],2)>5,"Weekend","Weekday") -> Weekday | T34: =IF(Table1[[#This Row],[Amount_Clean]]>500,"High","Normal") -> Normal | U34: =IF(LOWER(TRIM(Table1[[#This Row],[PaymentMode_Clean]]))="cash","Cash","Digital") -> Digital | V34: =MONTH(Table1[[#This Row],[Date]]) -> 9
A35: =DATE(2026, MONTH(Raw_Data!A35), DAY(Raw_Data!A35)) -> 46296 | B35: Food | C35: =IF(LOWER(TRIM(B35))="food","Food",IF(LOWER(TRIM(B35))="travel","Travel",IF(LOWER(TRIM(B35))="entertainment","Entertainment","Other"))) -> Food | E35: =IF(TRIM(D35)="","Not Specified", IF(C35="Food", IF(LOWER(D35)="lunch","Lunch", IF(LOWER(D35)="dinner","Dinner","Snacks")), IF(C35="Travel", IF(LOWER(D35)="bus","Bus","Bus"), IF(C35="Entertainment", IF(LOWER(D35)="movie","Movie","Other"), "Other")))) -> Not Specified | G35: =IF(TRIM(F35)="","Not Provided",PROPER(TRIM(F35))) -> Not Provided | H35: 90 | I35: =IF(H35="","",VALUE(SUBSTITUTE(SUBSTITUTE(SUBSTITUTE(LOWER(H35),"rs",""),"/-",""),"$",""))) -> 90 | J35: cash | K35: =IF(TRIM(J35)="","Not Specified",IF(LOWER(J35)="upi","UPI",IF(LOWER(J35)="cash","Cash",IF(LOWER(J35)="card","Card","Other")))) -> Cash | L35: outside | M35: =IF(TRIM(L35)="","Not Specified",PROPER(TRIM(L35))) -> Outside | O35: =IF(TRIM(N35)="","Not Specified",PROPER(TRIM(N35))) -> Not Specified | P35: =TEXT(Table1[[#This Row],[Date]],"mmmm") -> October | Q35: =YEAR(Table1[[#This Row],[Date]]) -> 2026 | R35: =TEXT(Table1[[#This Row],[Date]],"dddd") -> Thursday | S35: =IF(WEEKDAY(Table1[[#This Row],[Date]],2)>5,"Weekend","Weekday") -> Weekday | T35: =IF(Table1[[#This Row],[Amount_Clean]]>500,"High","Normal") -> Normal | U35: =IF(LOWER(TRIM(Table1[[#This Row],[PaymentMode_Clean]]))="cash","Cash","Digital") -> Cash | V35: =MONTH(Table1[[#This Row],[Date]]) -> 10
A36: =DATE(2026, MONTH(Raw_Data!A36), DAY(Raw_Data!A36)) -> 46327 | B36: Travel | C36: =IF(LOWER(TRIM(B36))="food","Food",IF(LOWER(TRIM(B36))="travel","Travel",IF(LOWER(TRIM(B36))="entertainment","Entertainment","Other"))) -> Travel | D36: Bus | E36: =IF(TRIM(D36)="","Not Specified", IF(C36="Food", IF(LOWER(D36)="lunch","Lunch", IF(LOWER(D36)="dinner","Dinner","Snacks")), IF(C36="Travel", IF(LOWER(D36)="bus","Bus","Bus"), IF(C36="Entertainment", IF(LOWER(D36)="movie","Movie","Other"), "Other")))) -> Bus | F36: college bus | G36: =IF(TRIM(F36)="","Not Provided",PROPER(TRIM(F36))) -> College Bus | H36: 40 | I36: =IF(H36="","",VALUE(SUBSTITUTE(SUBSTITUTE(SUBSTITUTE(LOWER(H36),"rs",""),"/-",""),"$",""))) -> 40 | J36: cash | K36: =IF(TRIM(J36)="","Not Specified",IF(LOWER(J36)="upi","UPI",IF(LOWER(J36)="cash","Cash",IF(LOWER(J36)="card","Card","Other")))) -> Cash | L36: outside | M36: =IF(TRIM(L36)="","Not Specified",PROPER(TRIM(L36))) -> Outside | O36: =IF(TRIM(N36)="","Not Specified",PROPER(TRIM(N36))) -> Not Specified | P36: =TEXT(Table1[[#This Row],[Date]],"mmmm") -> November | Q36: =YEAR(Table1[[#This Row],[Date]]) -> 2026 | R36: =TEXT(Table1[[#This Row],[Date]],"dddd") -> Sunday | S36: =IF(WEEKDAY(Table1[[#This Row],[Date]],2)>5,"Weekend","Weekday") -> Weekend | T36: =IF(Table1[[#This Row],[Amount_Clean]]>500,"High","Normal") -> Normal | U36: =IF(LOWER(TRIM(Table1[[#This Row],[PaymentMode_Clean]]))="cash","Cash","Digital") -> Cash | V36: =MONTH(Table1[[#This Row],[Date]]) -> 11
A37: =DATE(2026, MONTH(Raw_Data!A37), DAY(Raw_Data!A37)) -> 46357 | B37: Entertainment | C37: =IF(LOWER(TRIM(B37))="food","Food",IF(LOWER(TRIM(B37))="travel","Travel",IF(LOWER(TRIM(B37))="entertainment","Entertainment","Other"))) -> Entertainment | D37: Movie | E37: =IF(TRIM(D37)="","Not Specified", IF(C37="Food", IF(LOWER(D37)="lunch","Lunch", IF(LOWER(D37)="dinner","Dinner","Snacks")), IF(C37="Travel", IF(LOWER(D37)="bus","Bus","Bus"), IF(C37="Entertainment", IF(LOWER(D37)="movie","Movie","Other"), "Other")))) -> Movie | G37: =IF(TRIM(F37)="","Not Provided",PROPER(TRIM(F37))) -> Not Provided | H37: 350 | I37: =IF(H37="","",VALUE(SUBSTITUTE(SUBSTITUTE(SUBSTITUTE(LOWER(H37),"rs",""),"/-",""),"$",""))) -> 350 | J37: card | K37: =IF(TRIM(J37)="","Not Specified",IF(LOWER(J37)="upi","UPI",IF(LOWER(J37)="cash","Cash",IF(LOWER(J37)="card","Card","Other")))) -> Card | L37: mall | M37: =IF(TRIM(L37)="","Not Specified",PROPER(TRIM(L37))) -> Mall | O37: =IF(TRIM(N37)="","Not Specified",PROPER(TRIM(N37))) -> Not Specified | P37: =TEXT(Table1[[#This Row],[Date]],"mmmm") -> December | Q37: =YEAR(Table1[[#This Row],[Date]]) -> 2026 | R37: =TEXT(Table1[[#This Row],[Date]],"dddd") -> Tuesday | S37: =IF(WEEKDAY(Table1[[#This Row],[Date]],2)>5,"Weekend","Weekday") -> Weekday | T37: =IF(Table1[[#This Row],[Amount_Clean]]>500,"High","Normal") -> Normal | U37: =IF(LOWER(TRIM(Table1[[#This Row],[PaymentMode_Clean]]))="cash","Cash","Digital") -> Digital | V37: =MONTH(Table1[[#This Row],[Date]]) -> 12
A38: =DATE(2026, MONTH(Raw_Data!A38), DAY(Raw_Data!A38)) -> 46023 | B38: food | C38: =IF(LOWER(TRIM(B38))="food","Food",IF(LOWER(TRIM(B38))="travel","Travel",IF(LOWER(TRIM(B38))="entertainment","Entertainment","Other"))) -> Food | D38: lunch | E38: =IF(TRIM(D38)="","Not Specified", IF(C38="Food", IF(LOWER(D38)="lunch","Lunch", IF(LOWER(D38)="dinner","Dinner","Snacks")), IF(C38="Travel", IF(LOWER(D38)="bus","Bus","Bus"), IF(C38="Entertainment", IF(LOWER(D38)="movie","Movie","Other"), "Other")))) -> Lunch | F38: canteen | G38: =IF(TRIM(F38)="","Not Provided",PROPER(TRIM(F38))) -> Canteen | H38: 200/- | I38: =IF(H38="","",VALUE(SUBSTITUTE(SUBSTITUTE(SUBSTITUTE(LOWER(H38),"rs",""),"/-",""),"$",""))) -> 200 | J38: upi | K38: =IF(TRIM(J38)="","Not Specified",IF(LOWER(J38)="upi","UPI",IF(LOWER(J38)="cash","Cash",IF(LOWER(J38)="card","Card","Other")))) -> UPI | L38: outside | M38: =IF(TRIM(L38)="","Not Specified",PROPER(TRIM(L38))) -> Outside | O38: =IF(TRIM(N38)="","Not Specified",PROPER(TRIM(N38))) -> Not Specified | P38: =TEXT(Table1[[#This Row],[Date]],"mmmm") -> January | Q38: =YEAR(Table1[[#This Row],[Date]]) -> 2026 | R38: =TEXT(Table1[[#This Row],[Date]],"dddd") -> Thursday | S38: =IF(WEEKDAY(Table1[[#This Row],[Date]],2)>5,"Weekend","Weekday") -> Weekday | T38: =IF(Table1[[#This Row],[Amount_Clean]]>500,"High","Normal") -> Normal | U38: =IF(LOWER(TRIM(Table1[[#This Row],[PaymentMode_Clean]]))="cash","Cash","Digital") -> Digital | V38: =MONTH(Table1[[#This Row],[Date]]) -> 1
A39: =DATE(2026, MONTH(Raw_Data!A39), DAY(Raw_Data!A39)) -> 46054 | B39: Food | C39: =IF(LOWER(TRIM(B39))="food","Food",IF(LOWER(TRIM(B39))="travel","Travel",IF(LOWER(TRIM(B39))="entertainment","Entertainment","Other"))) -> Food | D39: dinner | E39: =IF(TRIM(D39)="","Not Specified", IF(C39="Food", IF(LOWER(D39)="lunch","Lunch", IF(LOWER(D39)="dinner","Dinner","Snacks")), IF(C39="Travel", IF(LOWER(D39)="bus","Bus","Bus"), IF(C39="Entertainment", IF(LOWER(D39)="movie","Movie","Other"), "Other")))) -> Dinner | F39: zomato | G39: =IF(TRIM(F39)="","Not Provided",PROPER(TRIM(F39))) -> Zomato | H39: 280rs | I39: =IF(H39="","",VALUE(SUBSTITUTE(SUBSTITUTE(SUBSTITUTE(LOWER(H39),"rs",""),"/-",""),"$",""))) -> 280 | J39: UPI | K39: =IF(TRIM(J39)="","Not Specified",IF(LOWER(J39)="upi","UPI",IF(LOWER(J39)="cash","Cash",IF(LOWER(J39)="card","Card","Other")))) -> UPI | L39: home | M39: =IF(TRIM(L39)="","Not Specified",PROPER(TRIM(L39))) -> Home | N39: late | O39: =IF(TRIM(N39)="","Not Specified",PROPER(TRIM(N39))) -> Late | P39: =TEXT(Table1[[#This Row],[Date]],"mmmm") -> February | Q39: =YEAR(Table1[[#This Row],[Date]]) -> 2026 | R39: =TEXT(Table1[[#This Row],[Date]],"dddd") -> Sunday | S39: =IF(WEEKDAY(Table1[[#This Row],[Date]],2)>5,"Weekend","Weekday") -> Weekend | T39: =IF(Table1[[#This Row],[Amount_Clean]]>500,"High","Normal") -> Normal | U39: =IF(LOWER(TRIM(Table1[[#This Row],[PaymentMode_Clean]]))="cash","Cash","Digital") -> Digital | V39: =MONTH(Table1[[#This Row],[Date]]) -> 2
A40: =DATE(2026, MONTH(Raw_Data!A40), DAY(Raw_Data!A40)) -> 46082 | B40: Food | C40: =IF(LOWER(TRIM(B40))="food","Food",IF(LOWER(TRIM(B40))="travel","Travel",IF(LOWER(TRIM(B40))="entertainment","Entertainment","Other"))) -> Food | E40: =IF(TRIM(D40)="","Not Specified", IF(C40="Food", IF(LOWER(D40)="lunch","Lunch", IF(LOWER(D40)="dinner","Dinner","Snacks")), IF(C40="Travel", IF(LOWER(D40)="bus","Bus","Bus"), IF(C40="Entertainment", IF(LOWER(D40)="movie","Movie","Other"), "Other")))) -> Not Specified | G40: =IF(TRIM(F40)="","Not Provided",PROPER(TRIM(F40))) -> Not Provided | H40: 90 | I40: =IF(H40="","",VALUE(SUBSTITUTE(SUBSTITUTE(SUBSTITUTE(LOWER(H40),"rs",""),"/-",""),"$",""))) -> 90 | J40: cash | K40: =IF(TRIM(J40)="","Not Specified",IF(LOWER(J40)="upi","UPI",IF(LOWER(J40)="cash","Cash",IF(LOWER(J40)="card","Card","Other")))) -> Cash | L40: outside | M40: =IF(TRIM(L40)="","Not Specified",PROPER(TRIM(L40))) -> Outside | O40: =IF(TRIM(N40)="","Not Specified",PROPER(TRIM(N40))) -> Not Specified | P40: =TEXT(Table1[[#This Row],[Date]],"mmmm") -> March | Q40: =YEAR(Table1[[#This Row],[Date]]) -> 2026 | R40: =TEXT(Table1[[#This Row],[Date]],"dddd") -> Sunday | S40: =IF(WEEKDAY(Table1[[#This Row],[Date]],2)>5,"Weekend","Weekday") -> Weekend | T40: =IF(Table1[[#This Row],[Amount_Clean]]>500,"High","Normal") -> Normal | U40: =IF(LOWER(TRIM(Table1[[#This Row],[PaymentMode_Clean]]))="cash","Cash","Digital") -> Cash | V40: =MONTH(Table1[[#This Row],[Date]]) -> 3
A41: =DATE(2026, MONTH(Raw_Data!A41), DAY(Raw_Data!A41)) -> 46113 | B41: Food | C41: =IF(LOWER(TRIM(B41))="food","Food",IF(LOWER(TRIM(B41))="travel","Travel",IF(LOWER(TRIM(B41))="entertainment","Entertainment","Other"))) -> Food | D41: dinner | E41: =IF(TRIM(D41)="","Not Specified", IF(C41="Food", IF(LOWER(D41)="lunch","Lunch", IF(LOWER(D41)="dinner","Dinner","Snacks")), IF(C41="Travel", IF(LOWER(D41)="bus","Bus","Bus"), IF(C41="Entertainment", IF(LOWER(D41)="movie","Movie","Other"), "Other")))) -> Dinner | F41: zomato | G41: =IF(TRIM(F41)="","Not Provided",PROPER(TRIM(F41))) -> Zomato | H41: 280rs | I41: =IF(H41="","",VALUE(SUBSTITUTE(SUBSTITUTE(SUBSTITUTE(LOWER(H41),"rs",""),"/-",""),"$",""))) -> 280 | J41: UPI | K41: =IF(TRIM(J41)="","Not Specified",IF(LOWER(J41)="upi","UPI",IF(LOWER(J41)="cash","Cash",IF(LOWER(J41)="card","Card","Other")))) -> UPI | L41: home | M41: =IF(TRIM(L41)="","Not Specified",PROPER(TRIM(L41))) -> Home | N41: late | O41: =IF(TRIM(N41)="","Not Specified",PROPER(TRIM(N41))) -> Late | P41: =TEXT(Table1[[#This Row],[Date]],"mmmm") -> April | Q41: =YEAR(Table1[[#This Row],[Date]]) -> 2026 | R41: =TEXT(Table1[[#This Row],[Date]],"dddd") -> Wednesday | S41: =IF(WEEKDAY(Table1[[#This Row],[Date]],2)>5,"Weekend","Weekday") -> Weekday | T41: =IF(Table1[[#This Row],[Amount_Clean]]>500,"High","Normal") -> Normal | U41: =IF(LOWER(TRIM(Table1[[#This Row],[PaymentMode_Clean]]))="cash","Cash","Digital") -> Digital | V41: =MONTH(Table1[[#This Row],[Date]]) -> 4
A42: =DATE(2026, MONTH(Raw_Data!A42), DAY(Raw_Data!A42)) -> 46143 | B42: Food | C42: =IF(LOWER(TRIM(B42))="food","Food",IF(LOWER(TRIM(B42))="travel","Travel",IF(LOWER(TRIM(B42))="entertainment","Entertainment","Other"))) -> Food | E42: =IF(TRIM(D42)="","Not Specified", IF(C42="Food", IF(LOWER(D42)="lunch","Lunch", IF(LOWER(D42)="dinner","Dinner","Snacks")), IF(C42="Travel", IF(LOWER(D42)="bus","Bus","Bus"), IF(C42="Entertainment", IF(LOWER(D42)="movie","Movie","Other"), "Other")))) -> Not Specified | G42: =IF(TRIM(F42)="","Not Provided",PROPER(TRIM(F42))) -> Not Provided | H42: 90 | I42: =IF(H42="","",VALUE(SUBSTITUTE(SUBSTITUTE(SUBSTITUTE(LOWER(H42),"rs",""),"/-",""),"$",""))) -> 90 | J42: cash | K42: =IF(TRIM(J42)="","Not Specified",IF(LOWER(J42)="upi","UPI",IF(LOWER(J42)="cash","Cash",IF(LOWER(J42)="card","Card","Other")))) -> Cash | L42: outside | M42: =IF(TRIM(L42)="","Not Specified",PROPER(TRIM(L42))) -> Outside | O42: =IF(TRIM(N42)="","Not Specified",PROPER(TRIM(N42))) -> Not Specified | P42: =TEXT(Table1[[#This Row],[Date]],"mmmm") -> May | Q42: =YEAR(Table1[[#This Row],[Date]]) -> 2026 | R42: =TEXT(Table1[[#This Row],[Date]],"dddd") -> Friday | S42: =IF(WEEKDAY(Table1[[#This Row],[Date]],2)>5,"Weekend","Weekday") -> Weekday | T42: =IF(Table1[[#This Row],[Amount_Clean]]>500,"High","Normal") -> Normal | U42: =IF(LOWER(TRIM(Table1[[#This Row],[PaymentMode_Clean]]))="cash","Cash","Digital") -> Cash | V42: =MONTH(Table1[[#This Row],[Date]]) -> 5
A43: =DATE(2026, MONTH(Raw_Data!A43), DAY(Raw_Data!A43)) -> 46174 | B43: Travel | C43: =IF(LOWER(TRIM(B43))="food","Food",IF(LOWER(TRIM(B43))="travel","Travel",IF(LOWER(TRIM(B43))="entertainment","Entertainment","Other"))) -> Travel | D43: Bus | E43: =IF(TRIM(D43)="","Not Specified", IF(C43="Food", IF(LOWER(D43)="lunch","Lunch", IF(LOWER(D43)="dinner","Dinner","Snacks")), IF(C43="Travel", IF(LOWER(D43)="bus","Bus","Bus"), IF(C43="Entertainment", IF(LOWER(D43)="movie","Movie","Other"), "Other")))) -> Bus | F43: college bus | G43: =IF(TRIM(F43)="","Not Provided",PROPER(TRIM(F43))) -> College Bus | H43: 40 | I43: =IF(H43="","",VALUE(SUBSTITUTE(SUBSTITUTE(SUBSTITUTE(LOWER(H43),"rs",""),"/-",""),"$",""))) -> 40 | J43: cash | K43: =IF(TRIM(J43)="","Not Specified",IF(LOWER(J43)="upi","UPI",IF(LOWER(J43)="cash","Cash",IF(LOWER(J43)="card","Card","Other")))) -> Cash | L43: outside | M43: =IF(TRIM(L43)="","Not Specified",PROPER(TRIM(L43))) -> Outside | O43: =IF(TRIM(N43)="","Not Specified",PROPER(TRIM(N43))) -> Not Specified | P43: =TEXT(Table1[[#This Row],[Date]],"mmmm") -> June | Q43: =YEAR(Table1[[#This Row],[Date]]) -> 2026 | R43: =TEXT(Table1[[#This Row],[Date]],"dddd") -> Monday | S43: =IF(WEEKDAY(Table1[[#This Row],[Date]],2)>5,"Weekend","Weekday") -> Weekday | T43: =IF(Table1[[#This Row],[Amount_Clean]]>500,"High","Normal") -> Normal | U43: =IF(LOWER(TRIM(Table1[[#This Row],[PaymentMode_Clean]]))="cash","Cash","Digital") -> Cash | V43: =MONTH(Table1[[#This Row],[Date]]) -> 6
A44: =DATE(2026, MONTH(Raw_Data!A44), DAY(Raw_Data!A44)) -> 46204 | B44: Food | C44: =IF(LOWER(TRIM(B44))="food","Food",IF(LOWER(TRIM(B44))="travel","Travel",IF(LOWER(TRIM(B44))="entertainment","Entertainment","Other"))) -> Food | E44: =IF(TRIM(D44)="","Not Specified", IF(C44="Food", IF(LOWER(D44)="lunch","Lunch", IF(LOWER(D44)="dinner","Dinner","Snacks")), IF(C44="Travel", IF(LOWER(D44)="bus","Bus","Bus"), IF(C44="Entertainment", IF(LOWER(D44)="movie","Movie","Other"), "Other")))) -> Not Specified | G44: =IF(TRIM(F44)="","Not Provided",PROPER(TRIM(F44))) -> Not Provided | H44: 90 | I44: =IF(H44="","",VALUE(SUBSTITUTE(SUBSTITUTE(SUBSTITUTE(LOWER(H44),"rs",""),"/-",""),"$",""))) -> 90 | J44: cash | K44: =IF(TRIM(J44)="","Not Specified",IF(LOWER(J44)="upi","UPI",IF(LOWER(J44)="cash","Cash",IF(LOWER(J44)="card","Card","Other")))) -> Cash | L44: outside | M44: =IF(TRIM(L44)="","Not Specified",PROPER(TRIM(L44))) -> Outside | O44: =IF(TRIM(N44)="","Not Specified",PROPER(TRIM(N44))) -> Not Specified | P44: =TEXT(Table1[[#This Row],[Date]],"mmmm") -> July | Q44: =YEAR(Table1[[#This Row],[Date]]) -> 2026 | R44: =TEXT(Table1[[#This Row],[Date]],"dddd") -> Wednesday | S44: =IF(WEEKDAY(Table1[[#This Row],[Date]],2)>5,"Weekend","Weekday") -> Weekday | T44: =IF(Table1[[#This Row],[Amount_Clean]]>500,"High","Normal") -> Normal | U44: =IF(LOWER(TRIM(Table1[[#This Row],[PaymentMode_Clean]]))="cash","Cash","Digital") -> Cash | V44: =MONTH(Table1[[#This Row],[Date]]) -> 7
A45: =DATE(2026, MONTH(Raw_Data!A45), DAY(Raw_Data!A45)) -> 46235 | B45: Travel | C45: =IF(LOWER(TRIM(B45))="food","Food",IF(LOWER(TRIM(B45))="travel","Travel",IF(LOWER(TRIM(B45))="entertainment","Entertainment","Other"))) -> Travel | D45: Bus | E45: =IF(TRIM(D45)="","Not Specified", IF(C45="Food", IF(LOWER(D45)="lunch","Lunch", IF(LOWER(D45)="dinner","Dinner","Snacks")), IF(C45="Travel", IF(LOWER(D45)="bus","Bus","Bus"), IF(C45="Entertainment", IF(LOWER(D45)="movie","Movie","Other"), "Other")))) -> Bus | F45: college bus | G45: =IF(TRIM(F45)="","Not Provided",PROPER(TRIM(F45))) -> College Bus | H45: 40 | I45: =IF(H45="","",VALUE(SUBSTITUTE(SUBSTITUTE(SUBSTITUTE(LOWER(H45),"rs",""),"/-",""),"$",""))) -> 40 | J45: cash | K45: =IF(TRIM(J45)="","Not Specified",IF(LOWER(J45)="upi","UPI",IF(LOWER(J45)="cash","Cash",IF(LOWER(J45)="card","Card","Other")))) -> Cash | L45: outside | M45: =IF(TRIM(L45)="","Not Specified",PROPER(TRIM(L45))) -> Outside | O45: =IF(TRIM(N45)="","Not Specified",PROPER(TRIM(N45))) -> Not Specified | P45: =TEXT(Table1[[#This Row],[Date]],"mmmm") -> August | Q45: =YEAR(Table1[[#This Row],[Date]]) -> 2026 | R45: =TEXT(Table1[[#This Row],[Date]],"dddd") -> Saturday | S45: =IF(WEEKDAY(Table1[[#This Row],[Date]],2)>5,"Weekend","Weekday") -> Weekend | T45: =IF(Table1[[#This Row],[Amount_Clean]]>500,"High","Normal") -> Normal | U45: =IF(LOWER(TRIM(Table1[[#This Row],[PaymentMode_Clean]]))="cash","Cash","Digital") -> Cash | V45: =MONTH(Table1[[#This Row],[Date]]) -> 8
A46: =DATE(2026, MONTH(Raw_Data!A46), DAY(Raw_Data!A46)) -> 46266 | B46: Entertainment | C46: =IF(LOWER(TRIM(B46))="food","Food",IF(LOWER(TRIM(B46))="travel","Travel",IF(LOWER(TRIM(B46))="entertainment","Entertainment","Other"))) -> Entertainment | D46: Movie | E46: =IF(TRIM(D46)="","Not Specified", IF(C46="Food", IF(LOWER(D46)="lunch","Lunch", IF(LOWER(D46)="dinner","Dinner","Snacks")), IF(C46="Travel", IF(LOWER(D46)="bus","Bus","Bus"), IF(C46="Entertainment", IF(LOWER(D46)="movie","Movie","Other"), "Other")))) -> Movie | G46: =IF(TRIM(F46)="","Not Provided",PROPER(TRIM(F46))) -> Not Provided | H46: 350 | I46: =IF(H46="","",VALUE(SUBSTITUTE(SUBSTITUTE(SUBSTITUTE(LOWER(H46),"rs",""),"/-",""),"$",""))) -> 350 | J46: card | K46: =IF(TRIM(J46)="","Not Specified",IF(LOWER(J46)="upi","UPI",IF(LOWER(J46)="cash","Cash",IF(LOWER(J46)="card","Card","Other")))) -> Card | L46: mall | M46: =IF(TRIM(L46)="","Not Specified",PROPER(TRIM(L46))) -> Mall | O46: =IF(TRIM(N46)="","Not Specified",PROPER(TRIM(N46))) -> Not Specified | P46: =TEXT(Table1[[#This Row],[Date]],"mmmm") -> September | Q46: =YEAR(Table1[[#This Row],[Date]]) -> 2026 | R46: =TEXT(Table1[[#This Row],[Date]],"dddd") -> Tuesday | S46: =IF(WEEKDAY(Table1[[#This Row],[Date]],2)>5,"Weekend","Weekday") -> Weekday | T46: =IF(Table1[[#This Row],[Amount_Clean]]>500,"High","Normal") -> Normal | U46: =IF(LOWER(TRIM(Table1[[#This Row],[PaymentMode_Clean]]))="cash","Cash","Digital") -> Digital | V46: =MONTH(Table1[[#This Row],[Date]]) -> 9
A47: =DATE(2026, MONTH(Raw_Data!A47), DAY(Raw_Data!A47)) -> 46296 | B47: food | C47: =IF(LOWER(TRIM(B47))="food","Food",IF(LOWER(TRIM(B47))="travel","Travel",IF(LOWER(TRIM(B47))="entertainment","Entertainment","Other"))) -> Food | D47: lunch | E47: =IF(TRIM(D47)="","Not Specified", IF(C47="Food", IF(LOWER(D47)="lunch","Lunch", IF(LOWER(D47)="dinner","Dinner","Snacks")), IF(C47="Travel", IF(LOWER(D47)="bus","Bus","Bus"), IF(C47="Entertainment", IF(LOWER(D47)="movie","Movie","Other"), "Other")))) -> Lunch | F47: canteen | G47: =IF(TRIM(F47)="","Not Provided",PROPER(TRIM(F47))) -> Canteen | H47: 200/- | I47: =IF(H47="","",VALUE(SUBSTITUTE(SUBSTITUTE(SUBSTITUTE(LOWER(H47),"rs",""),"/-",""),"$",""))) -> 200 | J47: upi | K47: =IF(TRIM(J47)="","Not Specified",IF(LOWER(J47)="upi","UPI",IF(LOWER(J47)="cash","Cash",IF(LOWER(J47)="card","Card","Other")))) -> UPI | L47: outside | M47: =IF(TRIM(L47)="","Not Specified",PROPER(TRIM(L47))) -> Outside | O47: =IF(TRIM(N47)="","Not Specified",PROPER(TRIM(N47))) -> Not Specified | P47: =TEXT(Table1[[#This Row],[Date]],"mmmm") -> October | Q47: =YEAR(Table1[[#This Row],[Date]]) -> 2026 | R47: =TEXT(Table1[[#This Row],[Date]],"dddd") -> Thursday | S47: =IF(WEEKDAY(Table1[[#This Row],[Date]],2)>5,"Weekend","Weekday") -> Weekday | T47: =IF(Table1[[#This Row],[Amount_Clean]]>500,"High","Normal") -> Normal | U47: =IF(LOWER(TRIM(Table1[[#This Row],[PaymentMode_Clean]]))="cash","Cash","Digital") -> Digital | V47: =MONTH(Table1[[#This Row],[Date]]) -> 10
A48: =DATE(2026, MONTH(Raw_Data!A48), DAY(Raw_Data!A48)) -> 46327 | B48: Food | C48: =IF(LOWER(TRIM(B48))="food","Food",IF(LOWER(TRIM(B48))="travel","Travel",IF(LOWER(TRIM(B48))="entertainment","Entertainment","Other"))) -> Food | D48: dinner | E48: =IF(TRIM(D48)="","Not Specified", IF(C48="Food", IF(LOWER(D48)="lunch","Lunch", IF(LOWER(D48)="dinner","Dinner","Snacks")), IF(C48="Travel", IF(LOWER(D48)="bus","Bus","Bus"), IF(C48="Entertainment", IF(LOWER(D48)="movie","Movie","Other"), "Other")))) -> Dinner | F48: zomato | G48: =IF(TRIM(F48)="","Not Provided",PROPER(TRIM(F48))) -> Zomato | H48: 280rs | I48: =IF(H48="","",VALUE(SUBSTITUTE(SUBSTITUTE(SUBSTITUTE(LOWER(H48),"rs",""),"/-",""),"$",""))) -> 280 | J48: UPI | K48: =IF(TRIM(J48)="","Not Specified",IF(LOWER(J48)="upi","UPI",IF(LOWER(J48)="cash","Cash",IF(LOWER(J48)="card","Card","Other")))) -> UPI | L48: home | M48: =IF(TRIM(L48)="","Not Specified",PROPER(TRIM(L48))) -> Home | N48: late | O48: =IF(TRIM(N48)="","Not Specified",PROPER(TRIM(N48))) -> Late | P48: =TEXT(Table1[[#This Row],[Date]],"mmmm") -> November | Q48: =YEAR(Table1[[#This Row],[Date]]) -> 2026 | R48: =TEXT(Table1[[#This Row],[Date]],"dddd") -> Sunday | S48: =IF(WEEKDAY(Table1[[#This Row],[Date]],2)>5,"Weekend","Weekday") -> Weekend | T48: =IF(Table1[[#This Row],[Amount_Clean]]>500,"High","Normal") -> Normal | U48: =IF(LOWER(TRIM(Table1[[#This Row],[PaymentMode_Clean]]))="cash","Cash","Digital") -> Digital | V48: =MONTH(Table1[[#This Row],[Date]]) -> 11
A49: =DATE(2026, MONTH(Raw_Data!A49), DAY(Raw_Data!A49)) -> 46357 | B49: Food | C49: =IF(LOWER(TRIM(B49))="food","Food",IF(LOWER(TRIM(B49))="travel","Travel",IF(LOWER(TRIM(B49))="entertainment","Entertainment","Other"))) -> Food | E49: =IF(TRIM(D49)="","Not Specified", IF(C49="Food", IF(LOWER(D49)="lunch","Lunch", IF(LOWER(D49)="dinner","Dinner","Snacks")), IF(C49="Travel", IF(LOWER(D49)="bus","Bus","Bus"), IF(C49="Entertainment", IF(LOWER(D49)="movie","Movie","Other"), "Other")))) -> Not Specified | G49: =IF(TRIM(F49)="","Not Provided",PROPER(TRIM(F49))) -> Not Provided | H49: 90 | I49: =IF(H49="","",VALUE(SUBSTITUTE(SUBSTITUTE(SUBSTITUTE(LOWER(H49),"rs",""),"/-",""),"$",""))) -> 90 | J49: cash | K49: =IF(TRIM(J49)="","Not Specified",IF(LOWER(J49)="upi","UPI",IF(LOWER(J49)="cash","Cash",IF(LOWER(J49)="card","Card","Other")))) -> Cash | L49: outside | M49: =IF(TRIM(L49)="","Not Specified",PROPER(TRIM(L49))) -> Outside | O49: =IF(TRIM(N49)="","Not Specified",PROPER(TRIM(N49))) -> Not Specified | P49: =TEXT(Table1[[#This Row],[Date]],"mmmm") -> December | Q49: =YEAR(Table1[[#This Row],[Date]]) -> 2026 | R49: =TEXT(Table1[[#This Row],[Date]],"dddd") -> Tuesday | S49: =IF(WEEKDAY(Table1[[#This Row],[Date]],2)>5,"Weekend","Weekday") -> Weekday | T49: =IF(Table1[[#This Row],[Amount_Clean]]>500,"High","Normal") -> Normal | U49: =IF(LOWER(TRIM(Table1[[#This Row],[PaymentMode_Clean]]))="cash","Cash","Digital") -> Cash | V49: =MONTH(Table1[[#This Row],[Date]]) -> 12
A50: =DATE(2026, MONTH(Raw_Data!A50), DAY(Raw_Data!A50)) -> 46023 | B50: Food | C50: =IF(LOWER(TRIM(B50))="food","Food",IF(LOWER(TRIM(B50))="travel","Travel",IF(LOWER(TRIM(B50))="entertainment","Entertainment","Other"))) -> Food | D50: dinner | E50: =IF(TRIM(D50)="","Not Specified", IF(C50="Food", IF(LOWER(D50)="lunch","Lunch", IF(LOWER(D50)="dinner","Dinner","Snacks")), IF(C50="Travel", IF(LOWER(D50)="bus","Bus","Bus"), IF(C50="Entertainment", IF(LOWER(D50)="movie","Movie","Other"), "Other")))) -> Dinner | F50: zomato | G50: =IF(TRIM(F50)="","Not Provided",PROPER(TRIM(F50))) -> Zomato | H50: 280rs | I50: =IF(H50="","",VALUE(SUBSTITUTE(SUBSTITUTE(SUBSTITUTE(LOWER(H50),"rs",""),"/-",""),"$",""))) -> 280 | J50: UPI | K50: =IF(TRIM(J50)="","Not Specified",IF(LOWER(J50)="upi","UPI",IF(LOWER(J50)="cash","Cash",IF(LOWER(J50)="card","Card","Other")))) -> UPI | L50: home | M50: =IF(TRIM(L50)="","Not Specified",PROPER(TRIM(L50))) -> Home | N50: late | O50: =IF(TRIM(N50)="","Not Specified",PROPER(TRIM(N50))) -> Late | P50: =TEXT(Table1[[#This Row],[Date]],"mmmm") -> January | Q50: =YEAR(Table1[[#This Row],[Date]]) -> 2026 | R50: =TEXT(Table1[[#This Row],[Date]],"dddd") -> Thursday | S50: =IF(WEEKDAY(Table1[[#This Row],[Date]],2)>5,"Weekend","Weekday") -> Weekday | T50: =IF(Table1[[#This Row],[Amount_Clean]]>500,"High","Normal") -> Normal | U50: =IF(LOWER(TRIM(Table1[[#This Row],[PaymentMode_Clean]]))="cash","Cash","Digital") -> Digital | V50: =MONTH(Table1[[#This Row],[Date]]) -> 1
A51: =DATE(2026, MONTH(Raw_Data!A51), DAY(Raw_Data!A51)) -> 46054 | B51: Food | C51: =IF(LOWER(TRIM(B51))="food","Food",IF(LOWER(TRIM(B51))="travel","Travel",IF(LOWER(TRIM(B51))="entertainment","Entertainment","Other"))) -> Food | E51: =IF(TRIM(D51)="","Not Specified", IF(C51="Food", IF(LOWER(D51)="lunch","Lunch", IF(LOWER(D51)="dinner","Dinner","Snacks")), IF(C51="Travel", IF(LOWER(D51)="bus","Bus","Bus"), IF(C51="Entertainment", IF(LOWER(D51)="movie","Movie","Other"), "Other")))) -> Not Specified | G51: =IF(TRIM(F51)="","Not Provided",PROPER(TRIM(F51))) -> Not Provided | H51: 90 | I51: =IF(H51="","",VALUE(SUBSTITUTE(SUBSTITUTE(SUBSTITUTE(LOWER(H51),"rs",""),"/-",""),"$",""))) -> 90 | J51: cash | K51: =IF(TRIM(J51)="","Not Specified",IF(LOWER(J51)="upi","UPI",IF(LOWER(J51)="cash","Cash",IF(LOWER(J51)="card","Card","Other")))) -> Cash | L51: outside | M51: =IF(TRIM(L51)="","Not Specified",PROPER(TRIM(L51))) -> Outside | O51: =IF(TRIM(N51)="","Not Specified",PROPER(TRIM(N51))) -> Not Specified | P51: =TEXT(Table1[[#This Row],[Date]],"mmmm") -> February | Q51: =YEAR(Table1[[#This Row],[Date]]) -> 2026 | R51: =TEXT(Table1[[#This Row],[Date]],"dddd") -> Sunday | S51: =IF(WEEKDAY(Table1[[#This Row],[Date]],2)>5,"Weekend","Weekday") -> Weekend | T51: =IF(Table1[[#This Row],[Amount_Clean]]>500,"High","Normal") -> Normal | U51: =IF(LOWER(TRIM(Table1[[#This Row],[PaymentMode_Clean]]))="cash","Cash","Digital") -> Cash | V51: =MONTH(Table1[[#This Row],[Date]]) -> 2
A52: =DATE(2026, MONTH(Raw_Data!A52), DAY(Raw_Data!A52)) -> 46082 | B52: Food | C52: =IF(LOWER(TRIM(B52))="food","Food",IF(LOWER(TRIM(B52))="travel","Travel",IF(LOWER(TRIM(B52))="entertainment","Entertainment","Other"))) -> Food | E52: =IF(TRIM(D52)="","Not Specified", IF(C52="Food", IF(LOWER(D52)="lunch","Lunch", IF(LOWER(D52)="dinner","Dinner","Snacks")), IF(C52="Travel", IF(LOWER(D52)="bus","Bus","Bus"), IF(C52="Entertainment", IF(LOWER(D52)="movie","Movie","Other"), "Other")))) -> Not Specified | G52: =IF(TRIM(F52)="","Not Provided",PROPER(TRIM(F52))) -> Not Provided | H52: 90 | I52: =IF(H52="","",VALUE(SUBSTITUTE(SUBSTITUTE(SUBSTITUTE(LOWER(H52),"rs",""),"/-",""),"$",""))) -> 90 | J52: cash | K52: =IF(TRIM(J52)="","Not Specified",IF(LOWER(J52)="upi","UPI",IF(LOWER(J52)="cash","Cash",IF(LOWER(J52)="card","Card","Other")))) -> Cash | L52: outside | M52: =IF(TRIM(L52)="","Not Specified",PROPER(TRIM(L52))) -> Outside | O52: =IF(TRIM(N52)="","Not Specified",PROPER(TRIM(N52))) -> Not Specified | P52: =TEXT(Table1[[#This Row],[Date]],"mmmm") -> March | Q52: =YEAR(Table1[[#This Row],[Date]]) -> 2026 | R52: =TEXT(Table1[[#This Row],[Date]],"dddd") -> Sunday | S52: =IF(WEEKDAY(Table1[[#This Row],[Date]],2)>5,"Weekend","Weekday") -> Weekend | T52: =IF(Table1[[#This Row],[Amount_Clean]]>500,"High","Normal") -> Normal | U52: =IF(LOWER(TRIM(Table1[[#This Row],[PaymentMode_Clean]]))="cash","Cash","Digital") -> Cash | V52: =MONTH(Table1[[#This Row],[Date]]) -> 3
A53: =DATE(2026, MONTH(Raw_Data!A53), DAY(Raw_Data!A53)) -> 46113 | B53: Travel | C53: =IF(LOWER(TRIM(B53))="food","Food",IF(LOWER(TRIM(B53))="travel","Travel",IF(LOWER(TRIM(B53))="entertainment","Entertainment","Other"))) -> Travel | D53: Bus | E53: =IF(TRIM(D53)="","Not Specified", IF(C53="Food", IF(LOWER(D53)="lunch","Lunch", IF(LOWER(D53)="dinner","Dinner","Snacks")), IF(C53="Travel", IF(LOWER(D53)="bus","Bus","Bus"), IF(C53="Entertainment", IF(LOWER(D53)="movie","Movie","Other"), "Other")))) -> Bus | F53: college bus | G53: =IF(TRIM(F53)="","Not Provided",PROPER(TRIM(F53))) -> College Bus | H53: 40 | I53: =IF(H53="","",VALUE(SUBSTITUTE(SUBSTITUTE(SUBSTITUTE(LOWER(H53),"rs",""),"/-",""),"$",""))) -> 40 | J53: cash | K53: =IF(TRIM(J53)="","Not Specified",IF(LOWER(J53)="upi","UPI",IF(LOWER(J53)="cash","Cash",IF(LOWER(J53)="card","Card","Other")))) -> Cash | L53: outside | M53: =IF(TRIM(L53)="","Not Specified",PROPER(TRIM(L53))) -> Outside | O53: =IF(TRIM(N53)="","Not Specified",PROPER(TRIM(N53))) -> Not Specified | P53: =TEXT(Table1[[#This Row],[Date]],"mmmm") -> April | Q53: =YEAR(Table1[[#This Row],[Date]]) -> 2026 | R53: =TEXT(Table1[[#This Row],[Date]],"dddd") -> Wednesday | S53: =IF(WEEKDAY(Table1[[#This Row],[Date]],2)>5,"Weekend","Weekday") -> Weekday | T53: =IF(Table1[[#This Row],[Amount_Clean]]>500,"High","Normal") -> Normal | U53: =IF(LOWER(TRIM(Table1[[#This Row],[PaymentMode_Clean]]))="cash","Cash","Digital") -> Cash | V53: =MONTH(Table1[[#This Row],[Date]]) -> 4
A54: =DATE(2026, MONTH(Raw_Data!A54), DAY(Raw_Data!A54)) -> 46143 | B54: Entertainment | C54: =IF(LOWER(TRIM(B54))="food","Food",IF(LOWER(TRIM(B54))="travel","Travel",IF(LOWER(TRIM(B54))="entertainment","Entertainment","Other"))) -> Entertainment | D54: Movie | E54: =IF(TRIM(D54)="","Not Specified", IF(C54="Food", IF(LOWER(D54)="lunch","Lunch", IF(LOWER(D54)="dinner","Dinner","Snacks")), IF(C54="Travel", IF(LOWER(D54)="bus","Bus","Bus"), IF(C54="Entertainment", IF(LOWER(D54)="movie","Movie","Other"), "Other")))) -> Movie | G54: =IF(TRIM(F54)="","Not Provided",PROPER(TRIM(F54))) -> Not Provided | H54: 350 | I54: =IF(H54="","",VALUE(SUBSTITUTE(SUBSTITUTE(SUBSTITUTE(LOWER(H54),"rs",""),"/-",""),"$",""))) -> 350 | J54: card | K54: =IF(TRIM(J54)="","Not Specified",IF(LOWER(J54)="upi","UPI",IF(LOWER(J54)="cash","Cash",IF(LOWER(J54)="card","Card","Other")))) -> Card | L54: mall | M54: =IF(TRIM(L54)="","Not Specified",PROPER(TRIM(L54))) -> Mall | O54: =IF(TRIM(N54)="","Not Specified",PROPER(TRIM(N54))) -> Not Specified | P54: =TEXT(Table1[[#This Row],[Date]],"mmmm") -> May | Q54: =YEAR(Table1[[#This Row],[Date]]) -> 2026 | R54: =TEXT(Table1[[#This Row],[Date]],"dddd") -> Friday | S54: =IF(WEEKDAY(Table1[[#This Row],[Date]],2)>5,"Weekend","Weekday") -> Weekday | T54: =IF(Table1[[#This Row],[Amount_Clean]]>500,"High","Normal") -> Normal | U54: =IF(LOWER(TRIM(Table1[[#This Row],[PaymentMode_Clean]]))="cash","Cash","Digital") -> Digital | V54: =MONTH(Table1[[#This Row],[Date]]) -> 5
A55: =DATE(2026, MONTH(Raw_Data!A55), DAY(Raw_Data!A55)) -> 46174 | B55: food | C55: =IF(LOWER(TRIM(B55))="food","Food",IF(LOWER(TRIM(B55))="travel","Travel",IF(LOWER(TRIM(B55))="entertainment","Entertainment","Other"))) -> Food | D55: lunch | E55: =IF(TRIM(D55)="","Not Specified", IF(C55="Food", IF(LOWER(D55)="lunch","Lunch", IF(LOWER(D55)="dinner","Dinner","Snacks")), IF(C55="Travel", IF(LOWER(D55)="bus","Bus","Bus"), IF(C55="Entertainment", IF(LOWER(D55)="movie","Movie","Other"), "Other")))) -> Lunch | F55: canteen | G55: =IF(TRIM(F55)="","Not Provided",PROPER(TRIM(F55))) -> Canteen | H55: 200/- | I55: =IF(H55="","",VALUE(SUBSTITUTE(SUBSTITUTE(SUBSTITUTE(LOWER(H55),"rs",""),"/-",""),"$",""))) -> 200 | J55: upi | K55: =IF(TRIM(J55)="","Not Specified",IF(LOWER(J55)="upi","UPI",IF(LOWER(J55)="cash","Cash",IF(LOWER(J55)="card","Card","Other")))) -> UPI | L55: outside | M55: =IF(TRIM(L55)="","Not Specified",PROPER(TRIM(L55))) -> Outside | O55: =IF(TRIM(N55)="","Not Specified",PROPER(TRIM(N55))) -> Not Specified | P55: =TEXT(Table1[[#This Row],[Date]],"mmmm") -> June | Q55: =YEAR(Table1[[#This Row],[Date]]) -> 2026 | R55: =TEXT(Table1[[#This Row],[Date]],"dddd") -> Monday | S55: =IF(WEEKDAY(Table1[[#This Row],[Date]],2)>5,"Weekend","Weekday") -> Weekday | T55: =IF(Table1[[#This Row],[Amount_Clean]]>500,"High","Normal") -> Normal | U55: =IF(LOWER(TRIM(Table1[[#This Row],[PaymentMode_Clean]]))="cash","Cash","Digital") -> Digital | V55: =MONTH(Table1[[#This Row],[Date]]) -> 6
A56: =DATE(2026, MONTH(Raw_Data!A56), DAY(Raw_Data!A56)) -> 46204 | B56: Food | C56: =IF(LOWER(TRIM(B56))="food","Food",IF(LOWER(TRIM(B56))="travel","Travel",IF(LOWER(TRIM(B56))="entertainment","Entertainment","Other"))) -> Food | D56: dinner | E56: =IF(TRIM(D56)="","Not Specified", IF(C56="Food", IF(LOWER(D56)="lunch","Lunch", IF(LOWER(D56)="dinner","Dinner","Snacks")), IF(C56="Travel", IF(LOWER(D56)="bus","Bus","Bus"), IF(C56="Entertainment", IF(LOWER(D56)="movie","Movie","Other"), "Other")))) -> Dinner | F56: zomato | G56: =IF(TRIM(F56)="","Not Provided",PROPER(TRIM(F56))) -> Zomato | H56: 280rs | I56: =IF(H56="","",VALUE(SUBSTITUTE(SUBSTITUTE(SUBSTITUTE(LOWER(H56),"rs",""),"/-",""),"$",""))) -> 280 | J56: UPI | K56: =IF(TRIM(J56)="","Not Specified",IF(LOWER(J56)="upi","UPI",IF(LOWER(J56)="cash","Cash",IF(LOWER(J56)="card","Card","Other")))) -> UPI | L56: home | M56: =IF(TRIM(L56)="","Not Specified",PROPER(TRIM(L56))) -> Home | N56: late | O56: =IF(TRIM(N56)="","Not Specified",PROPER(TRIM(N56))) -> Late | P56: =TEXT(Table1[[#This Row],[Date]],"mmmm") -> July | Q56: =YEAR(Table1[[#This Row],[Date]]) -> 2026 | R56: =TEXT(Table1[[#This Row],[Date]],"dddd") -> Wednesday | S56: =IF(WEEKDAY(Table1[[#This Row],[Date]],2)>5,"Weekend","Weekday") -> Weekday | T56: =IF(Table1[[#This Row],[Amount_Clean]]>500,"High","Normal") -> Normal | U56: =IF(LOWER(TRIM(Table1[[#This Row],[PaymentMode_Clean]]))="cash","Cash","Digital") -> Digital | V56: =MONTH(Table1[[#This Row],[Date]]) -> 7
A57: =DATE(2026, MONTH(Raw_Data!A57), DAY(Raw_Data!A57)) -> 46235 | B57: Food | C57: =IF(LOWER(TRIM(B57))="food","Food",IF(LOWER(TRIM(B57))="travel","Travel",IF(LOWER(TRIM(B57))="entertainment","Entertainment","Other"))) -> Food | E57: =IF(TRIM(D57)="","Not Specified", IF(C57="Food", IF(LOWER(D57)="lunch","Lunch", IF(LOWER(D57)="dinner","Dinner","Snacks")), IF(C57="Travel", IF(LOWER(D57)="bus","Bus","Bus"), IF(C57="Entertainment", IF(LOWER(D57)="movie","Movie","Other"), "Other")))) -> Not Specified | G57: =IF(TRIM(F57)="","Not Provided",PROPER(TRIM(F57))) -> Not Provided | H57: 90 | I57: =IF(H57="","",VALUE(SUBSTITUTE(SUBSTITUTE(SUBSTITUTE(LOWER(H57),"rs",""),"/-",""),"$",""))) -> 90 | J57: cash | K57: =IF(TRIM(J57)="","Not Specified",IF(LOWER(J57)="upi","UPI",IF(LOWER(J57)="cash","Cash",IF(LOWER(J57)="card","Card","Other")))) -> Cash | L57: outside | M57: =IF(TRIM(L57)="","Not Specified",PROPER(TRIM(L57))) -> Outside | O57: =IF(TRIM(N57)="","Not Specified",PROPER(TRIM(N57))) -> Not Specified | P57: =TEXT(Table1[[#This Row],[Date]],"mmmm") -> August | Q57: =YEAR(Table1[[#This Row],[Date]]) -> 2026 | R57: =TEXT(Table1[[#This Row],[Date]],"dddd") -> Saturday | S57: =IF(WEEKDAY(Table1[[#This Row],[Date]],2)>5,"Weekend","Weekday") -> Weekend | T57: =IF(Table1[[#This Row],[Amount_Clean]]>500,"High","Normal") -> Normal | U57: =IF(LOWER(TRIM(Table1[[#This Row],[PaymentMode_Clean]]))="cash","Cash","Digital") -> Cash | V57: =MONTH(Table1[[#This Row],[Date]]) -> 8
A58: =DATE(2026, MONTH(Raw_Data!A58), DAY(Raw_Data!A58)) -> 46266 | B58: Food | C58: =IF(LOWER(TRIM(B58))="food","Food",IF(LOWER(TRIM(B58))="travel","Travel",IF(LOWER(TRIM(B58))="entertainment","Entertainment","Other"))) -> Food | D58: dinner | E58: =IF(TRIM(D58)="","Not Specified", IF(C58="Food", IF(LOWER(D58)="lunch","Lunch", IF(LOWER(D58)="dinner","Dinner","Snacks")), IF(C58="Travel", IF(LOWER(D58)="bus","Bus","Bus"), IF(C58="Entertainment", IF(LOWER(D58)="movie","Movie","Other"), "Other")))) -> Dinner | F58: zomato | G58: =IF(TRIM(F58)="","Not Provided",PROPER(TRIM(F58))) -> Zomato | H58: 280rs | I58: =IF(H58="","",VALUE(SUBSTITUTE(SUBSTITUTE(SUBSTITUTE(LOWER(H58),"rs",""),"/-",""),"$",""))) -> 280 | J58: UPI | K58: =IF(TRIM(J58)="","Not Specified",IF(LOWER(J58)="upi","UPI",IF(LOWER(J58)="cash","Cash",IF(LOWER(J58)="card","Card","Other")))) -> UPI | L58: home | M58: =IF(TRIM(L58)="","Not Specified",PROPER(TRIM(L58))) -> Home | N58: late | O58: =IF(TRIM(N58)="","Not Specified",PROPER(TRIM(N58))) -> Late | P58: =TEXT(Table1[[#This Row],[Date]],"mmmm") -> September | Q58: =YEAR(Table1[[#This Row],[Date]]) -> 2026 | R58: =TEXT(Table1[[#This Row],[Date]],"dddd") -> Tuesday | S58: =IF(WEEKDAY(Table1[[#This Row],[Date]],2)>5,"Weekend","Weekday") -> Weekday | T58: =IF(Table1[[#This Row],[Amount_Clean]]>500,"High","Normal") -> Normal | U58: =IF(LOWER(TRIM(Table1[[#This Row],[PaymentMode_Clean]]))="cash","Cash","Digital") -> Digital | V58: =MONTH(Table1[[#This Row],[Date]]) -> 9
A59: =DATE(2026, MONTH(Raw_Data!A59), DAY(Raw_Data!A59)) -> 46296 | B59: Food | C59: =IF(LOWER(TRIM(B59))="food","Food",IF(LOWER(TRIM(B59))="travel","Travel",IF(LOWER(TRIM(B59))="entertainment","Entertainment","Other"))) -> Food | E59: =IF(TRIM(D59)="","Not Specified", IF(C59="Food", IF(LOWER(D59)="lunch","Lunch", IF(LOWER(D59)="dinner","Dinner","Snacks")), IF(C59="Travel", IF(LOWER(D59)="bus","Bus","Bus"), IF(C59="Entertainment", IF(LOWER(D59)="movie","Movie","Other"), "Other")))) -> Not Specified | G59: =IF(TRIM(F59)="","Not Provided",PROPER(TRIM(F59))) -> Not Provided | H59: 90 | I59: =IF(H59="","",VALUE(SUBSTITUTE(SUBSTITUTE(SUBSTITUTE(LOWER(H59),"rs",""),"/-",""),"$",""))) -> 90 | J59: cash | K59: =IF(TRIM(J59)="","Not Specified",IF(LOWER(J59)="upi","UPI",IF(LOWER(J59)="cash","Cash",IF(LOWER(J59)="card","Card","Other")))) -> Cash | L59: outside | M59: =IF(TRIM(L59)="","Not Specified",PROPER(TRIM(L59))) -> Outside | O59: =IF(TRIM(N59)="","Not Specified",PROPER(TRIM(N59))) -> Not Specified | P59: =TEXT(Table1[[#This Row],[Date]],"mmmm") -> October | Q59: =YEAR(Table1[[#This Row],[Date]]) -> 2026 | R59: =TEXT(Table1[[#This Row],[Date]],"dddd") -> Thursday | S59: =IF(WEEKDAY(Table1[[#This Row],[Date]],2)>5,"Weekend","Weekday") -> Weekday | T59: =IF(Table1[[#This Row],[Amount_Clean]]>500,"High","Normal") -> Normal | U59: =IF(LOWER(TRIM(Table1[[#This Row],[PaymentMode_Clean]]))="cash","Cash","Digital") -> Cash | V59: =MONTH(Table1[[#This Row],[Date]]) -> 10
A60: =DATE(2026, MONTH(Raw_Data!A60), DAY(Raw_Data!A60)) -> 46327 | B60: Food | C60: =IF(LOWER(TRIM(B60))="food","Food",IF(LOWER(TRIM(B60))="travel","Travel",IF(LOWER(TRIM(B60))="entertainment","Entertainment","Other"))) -> Food | E60: =IF(TRIM(D60)="","Not Specified", IF(C60="Food", IF(LOWER(D60)="lunch","Lunch", IF(LOWER(D60)="dinner","Dinner","Snacks")), IF(C60="Travel", IF(LOWER(D60)="bus","Bus","Bus"), IF(C60="Entertainment", IF(LOWER(D60)="movie","Movie","Other"), "Other")))) -> Not Specified | G60: =IF(TRIM(F60)="","Not Provided",PROPER(TRIM(F60))) -> Not Provided | H60: 90 | I60: =IF(H60="","",VALUE(SUBSTITUTE(SUBSTITUTE(SUBSTITUTE(LOWER(H60),"rs",""),"/-",""),"$",""))) -> 90 | J60: cash | K60: =IF(TRIM(J60)="","Not Specified",IF(LOWER(J60)="upi","UPI",IF(LOWER(J60)="cash","Cash",IF(LOWER(J60)="card","Card","Other")))) -> Cash | L60: outside | M60: =IF(TRIM(L60)="","Not Specified",PROPER(TRIM(L60))) -> Outside | O60: =IF(TRIM(N60)="","Not Specified",PROPER(TRIM(N60))) -> Not Specified | P60: =TEXT(Table1[[#This Row],[Date]],"mmmm") -> November | Q60: =YEAR(Table1[[#This Row],[Date]]) -> 2026 | R60: =TEXT(Table1[[#This Row],[Date]],"dddd") -> Sunday | S60: =IF(WEEKDAY(Table1[[#This Row],[Date]],2)>5,"Weekend","Weekday") -> Weekend | T60: =IF(Table1[[#This Row],[Amount_Clean]]>500,"High","Normal") -> Normal | U60: =IF(LOWER(TRIM(Table1[[#This Row],[PaymentMode_Clean]]))="cash","Cash","Digital") -> Cash | V60: =MONTH(Table1[[#This Row],[Date]]) -> 11
A61: =DATE(2026, MONTH(Raw_Data!A61), DAY(Raw_Data!A61)) -> 46357 | B61: Travel | C61: =IF(LOWER(TRIM(B61))="food","Food",IF(LOWER(TRIM(B61))="travel","Travel",IF(LOWER(TRIM(B61))="entertainment","Entertainment","Other"))) -> Travel | D61: Bus | E61: =IF(TRIM(D61)="","Not Specified", IF(C61="Food", IF(LOWER(D61)="lunch","Lunch", IF(LOWER(D61)="dinner","Dinner","Snacks")), IF(C61="Travel", IF(LOWER(D61)="bus","Bus","Bus"), IF(C61="Entertainment", IF(LOWER(D61)="movie","Movie","Other"), "Other")))) -> Bus | F61: college bus | G61: =IF(TRIM(F61)="","Not Provided",PROPER(TRIM(F61))) -> College Bus | H61: 40 | I61: =IF(H61="","",VALUE(SUBSTITUTE(SUBSTITUTE(SUBSTITUTE(LOWER(H61),"rs",""),"/-",""),"$",""))) -> 40 | J61: cash | K61: =IF(TRIM(J61)="","Not Specified",IF(LOWER(J61)="upi","UPI",IF(LOWER(J61)="cash","Cash",IF(LOWER(J61)="card","Card","Other")))) -> Cash | L61: outside | M61: =IF(TRIM(L61)="","Not Specified",PROPER(TRIM(L61))) -> Outside | O61: =IF(TRIM(N61)="","Not Specified",PROPER(TRIM(N61))) -> Not Specified | P61: =TEXT(Table1[[#This Row],[Date]],"mmmm") -> December | Q61: =YEAR(Table1[[#This Row],[Date]]) -> 2026 | R61: =TEXT(Table1[[#This Row],[Date]],"dddd") -> Tuesday | S61: =IF(WEEKDAY(Table1[[#This Row],[Date]],2)>5,"Weekend","Weekday") -> Weekday | T61: =IF(Table1[[#This Row],[Amount_Clean]]>500,"High","Normal") -> Normal | U61: =IF(LOWER(TRIM(Table1[[#This Row],[PaymentMode_Clean]]))="cash","Cash","Digital") -> Cash | V61: =MONTH(Table1[[#This Row],[Date]]) -> 12
A62: =DATE(2026, MONTH(Raw_Data!A62), DAY(Raw_Data!A62)) -> 46023 | B62: Entertainment | C62: =IF(LOWER(TRIM(B62))="food","Food",IF(LOWER(TRIM(B62))="travel","Travel",IF(LOWER(TRIM(B62))="entertainment","Entertainment","Other"))) -> Entertainment | D62: Movie | E62: =IF(TRIM(D62)="","Not Specified", IF(C62="Food", IF(LOWER(D62)="lunch","Lunch", IF(LOWER(D62)="dinner","Dinner","Snacks")), IF(C62="Travel", IF(LOWER(D62)="bus","Bus","Bus"), IF(C62="Entertainment", IF(LOWER(D62)="movie","Movie","Other"), "Other")))) -> Movie | G62: =IF(TRIM(F62)="","Not Provided",PROPER(TRIM(F62))) -> Not Provided | H62: 350 | I62: =IF(H62="","",VALUE(SUBSTITUTE(SUBSTITUTE(SUBSTITUTE(LOWER(H62),"rs",""),"/-",""),"$",""))) -> 350 | J62: card | K62: =IF(TRIM(J62)="","Not Specified",IF(LOWER(J62)="upi","UPI",IF(LOWER(J62)="cash","Cash",IF(LOWER(J62)="card","Card","Other")))) -> Card | L62: mall | M62: =IF(TRIM(L62)="","Not Specified",PROPER(TRIM(L62))) -> Mall | O62: =IF(TRIM(N62)="","Not Specified",PROPER(TRIM(N62))) -> Not Specified | P62: =TEXT(Table1[[#This Row],[Date]],"mmmm") -> January | Q62: =YEAR(Table1[[#This Row],[Date]]) -> 2026 | R62: =TEXT(Table1[[#This Row],[Date]],"dddd") -> Thursday | S62: =IF(WEEKDAY(Table1[[#This Row],[Date]],2)>5,"Weekend","Weekday") -> Weekday | T62: =IF(Table1[[#This Row],[Amount_Clean]]>500,"High","Normal") -> Normal | U62: =IF(LOWER(TRIM(Table1[[#This Row],[PaymentMode_Clean]]))="cash","Cash","Digital") -> Digital | V62: =MONTH(Table1[[#This Row],[Date]]) -> 1
A63: =DATE(2026, MONTH(Raw_Data!A63), DAY(Raw_Data!A63)) -> 46054 | B63: food | C63: =IF(LOWER(TRIM(B63))="food","Food",IF(LOWER(TRIM(B63))="travel","Travel",IF(LOWER(TRIM(B63))="entertainment","Entertainment","Other"))) -> Food | D63: lunch | E63: =IF(TRIM(D63)="","Not Specified", IF(C63="Food", IF(LOWER(D63)="lunch","Lunch", IF(LOWER(D63)="dinner","Dinner","Snacks")), IF(C63="Travel", IF(LOWER(D63)="bus","Bus","Bus"), IF(C63="Entertainment", IF(LOWER(D63)="movie","Movie","Other"), "Other")))) -> Lunch | F63: canteen | G63: =IF(TRIM(F63)="","Not Provided",PROPER(TRIM(F63))) -> Canteen | H63: 200/- | I63: =IF(H63="","",VALUE(SUBSTITUTE(SUBSTITUTE(SUBSTITUTE(LOWER(H63),"rs",""),"/-",""),"$",""))) -> 200 | J63: upi | K63: =IF(TRIM(J63)="","Not Specified",IF(LOWER(J63)="upi","UPI",IF(LOWER(J63)="cash","Cash",IF(LOWER(J63)="card","Card","Other")))) -> UPI | L63: outside | M63: =IF(TRIM(L63)="","Not Specified",PROPER(TRIM(L63))) -> Outside | O63: =IF(TRIM(N63)="","Not Specified",PROPER(TRIM(N63))) -> Not Specified | P63: =TEXT(Table1[[#This Row],[Date]],"mmmm") -> February | Q63: =YEAR(Table1[[#This Row],[Date]]) -> 2026 | R63: =TEXT(Table1[[#This Row],[Date]],"dddd") -> Sunday | S63: =IF(WEEKDAY(Table1[[#This Row],[Date]],2)>5,"Weekend","Weekday") -> Weekend | T63: =IF(Table1[[#This Row],[Amount_Clean]]>500,"High","Normal") -> Normal | U63: =IF(LOWER(TRIM(Table1[[#This Row],[PaymentMode_Clean]]))="cash","Cash","Digital") -> Digital | V63: =MONTH(Table1[[#This Row],[Date]]) -> 2
A64: =DATE(2026, MONTH(Raw_Data!A64), DAY(Raw_Data!A64)) -> 46082 | B64: Food | C64: =IF(LOWER(TRIM(B64))="food","Food",IF(LOWER(TRIM(B64))="travel","Travel",IF(LOWER(TRIM(B64))="entertainment","Entertainment","Other"))) -> Food | D64: dinner | E64: =IF(TRIM(D64)="","Not Specified", IF(C64="Food", IF(LOWER(D64)="lunch","Lunch", IF(LOWER(D64)="dinner","Dinner","Snacks")), IF(C64="Travel", IF(LOWER(D64)="bus","Bus","Bus"), IF(C64="Entertainment", IF(LOWER(D64)="movie","Movie","Other"), "Other")))) -> Dinner | F64: zomato | G64: =IF(TRIM(F64)="","Not Provided",PROPER(TRIM(F64))) -> Zomato | H64: 280rs | I64: =IF(H64="","",VALUE(SUBSTITUTE(SUBSTITUTE(SUBSTITUTE(LOWER(H64),"rs",""),"/-",""),"$",""))) -> 280 | J64: UPI | K64: =IF(TRIM(J64)="","Not Specified",IF(LOWER(J64)="upi","UPI",IF(LOWER(J64)="cash","Cash",IF(LOWER(J64)="card","Card","Other")))) -> UPI | L64: home | M64: =IF(TRIM(L64)="","Not Specified",PROPER(TRIM(L64))) -> Home | N64: late | O64: =IF(TRIM(N64)="","Not Specified",PROPER(TRIM(N64))) -> Late | P64: =TEXT(Table1[[#This Row],[Date]],"mmmm") -> March | Q64: =YEAR(Table1[[#This Row],[Date]]) -> 2026 | R64: =TEXT(Table1[[#This Row],[Date]],"dddd") -> Sunday | S64: =IF(WEEKDAY(Table1[[#This Row],[Date]],2)>5,"Weekend","Weekday") -> Weekend | T64: =IF(Table1[[#This Row],[Amount_Clean]]>500,"High","Normal") -> Normal | U64: =IF(LOWER(TRIM(Table1[[#This Row],[PaymentMode_Clean]]))="cash","Cash","Digital") -> Digital | V64: =MONTH(Table1[[#This Row],[Date]]) -> 3
A65: =DATE(2026, MONTH(Raw_Data!A65), DAY(Raw_Data!A65)) -> 46113 | B65: Food | C65: =IF(LOWER(TRIM(B65))="food","Food",IF(LOWER(TRIM(B65))="travel","Travel",IF(LOWER(TRIM(B65))="entertainment","Entertainment","Other"))) -> Food | E65: =IF(TRIM(D65)="","Not Specified", IF(C65="Food", IF(LOWER(D65)="lunch","Lunch", IF(LOWER(D65)="dinner","Dinner","Snacks")), IF(C65="Travel", IF(LOWER(D65)="bus","Bus","Bus"), IF(C65="Entertainment", IF(LOWER(D65)="movie","Movie","Other"), "Other")))) -> Not Specified | G65: =IF(TRIM(F65)="","Not Provided",PROPER(TRIM(F65))) -> Not Provided | H65: 90 | I65: =IF(H65="","",VALUE(SUBSTITUTE(SUBSTITUTE(SUBSTITUTE(LOWER(H65),"rs",""),"/-",""),"$",""))) -> 90 | J65: cash | K65: =IF(TRIM(J65)="","Not Specified",IF(LOWER(J65)="upi","UPI",IF(LOWER(J65)="cash","Cash",IF(LOWER(J65)="card","Card","Other")))) -> Cash | L65: outside | M65: =IF(TRIM(L65)="","Not Specified",PROPER(TRIM(L65))) -> Outside | O65: =IF(TRIM(N65)="","Not Specified",PROPER(TRIM(N65))) -> Not Specified | P65: =TEXT(Table1[[#This Row],[Date]],"mmmm") -> April | Q65: =YEAR(Table1[[#This Row],[Date]]) -> 2026 | R65: =TEXT(Table1[[#This Row],[Date]],"dddd") -> Wednesday | S65: =IF(WEEKDAY(Table1[[#This Row],[Date]],2)>5,"Weekend","Weekday") -> Weekday | T65: =IF(Table1[[#This Row],[Amount_Clean]]>500,"High","Normal") -> Normal | U65: =IF(LOWER(TRIM(Table1[[#This Row],[PaymentMode_Clean]]))="cash","Cash","Digital") -> Cash | V65: =MONTH(Table1[[#This Row],[Date]]) -> 4
A66: =DATE(2026, MONTH(Raw_Data!A66), DAY(Raw_Data!A66)) -> 46143 | B66: Food | C66: =IF(LOWER(TRIM(B66))="food","Food",IF(LOWER(TRIM(B66))="travel","Travel",IF(LOWER(TRIM(B66))="entertainment","Entertainment","Other"))) -> Food | D66: dinner | E66: =IF(TRIM(D66)="","Not Specified", IF(C66="Food", IF(LOWER(D66)="lunch","Lunch", IF(LOWER(D66)="dinner","Dinner","Snacks")), IF(C66="Travel", IF(LOWER(D66)="bus","Bus","Bus"), IF(C66="Entertainment", IF(LOWER(D66)="movie","Movie","Other"), "Other")))) -> Dinner | F66: zomato | G66: =IF(TRIM(F66)="","Not Provided",PROPER(TRIM(F66))) -> Zomato | H66: 280rs | I66: =IF(H66="","",VALUE(SUBSTITUTE(SUBSTITUTE(SUBSTITUTE(LOWER(H66),"rs",""),"/-",""),"$",""))) -> 280 | J66: UPI | K66: =IF(TRIM(J66)="","Not Specified",IF(LOWER(J66)="upi","UPI",IF(LOWER(J66)="cash","Cash",IF(LOWER(J66)="card","Card","Other")))) -> UPI | L66: home | M66: =IF(TRIM(L66)="","Not Specified",PROPER(TRIM(L66))) -> Home | N66: late | O66: =IF(TRIM(N66)="","Not Specified",PROPER(TRIM(N66))) -> Late | P66: =TEXT(Table1[[#This Row],[Date]],"mmmm") -> May | Q66: =YEAR(Table1[[#This Row],[Date]]) -> 2026 | R66: =TEXT(Table1[[#This Row],[Date]],"dddd") -> Friday | S66: =IF(WEEKDAY(Table1[[#This Row],[Date]],2)>5,"Weekend","Weekday") -> Weekday | T66: =IF(Table1[[#This Row],[Amount_Clean]]>500,"High","Normal") -> Normal | U66: =IF(LOWER(TRIM(Table1[[#This Row],[PaymentMode_Clean]]))="cash","Cash","Digital") -> Digital | V66: =MONTH(Table1[[#This Row],[Date]]) -> 5
A67: =DATE(2026, MONTH(Raw_Data!A67), DAY(Raw_Data!A67)) -> 46174 | B67: Food | C67: =IF(LOWER(TRIM(B67))="food","Food",IF(LOWER(TRIM(B67))="travel","Travel",IF(LOWER(TRIM(B67))="entertainment","Entertainment","Other"))) -> Food | E67: =IF(TRIM(D67)="","Not Specified", IF(C67="Food", IF(LOWER(D67)="lunch","Lunch", IF(LOWER(D67)="dinner","Dinner","Snacks")), IF(C67="Travel", IF(LOWER(D67)="bus","Bus","Bus"), IF(C67="Entertainment", IF(LOWER(D67)="movie","Movie","Other"), "Other")))) -> Not Specified | G67: =IF(TRIM(F67)="","Not Provided",PROPER(TRIM(F67))) -> Not Provided | H67: 90 | I67: =IF(H67="","",VALUE(SUBSTITUTE(SUBSTITUTE(SUBSTITUTE(LOWER(H67),"rs",""),"/-",""),"$",""))) -> 90 | J67: cash | K67: =IF(TRIM(J67)="","Not Specified",IF(LOWER(J67)="upi","UPI",IF(LOWER(J67)="cash","Cash",IF(LOWER(J67)="card","Card","Other")))) -> Cash | L67: outside | M67: =IF(TRIM(L67)="","Not Specified",PROPER(TRIM(L67))) -> Outside | O67: =IF(TRIM(N67)="","Not Specified",PROPER(TRIM(N67))) -> Not Specified | P67: =TEXT(Table1[[#This Row],[Date]],"mmmm") -> June | Q67: =YEAR(Table1[[#This Row],[Date]]) -> 2026 | R67: =TEXT(Table1[[#This Row],[Date]],"dddd") -> Monday | S67: =IF(WEEKDAY(Table1[[#This Row],[Date]],2)>5,"Weekend","Weekday") -> Weekday | T67: =IF(Table1[[#This Row],[Amount_Clean]]>500,"High","Normal") -> Normal | U67: =IF(LOWER(TRIM(Table1[[#This Row],[PaymentMode_Clean]]))="cash","Cash","Digital") -> Cash | V67: =MONTH(Table1[[#This Row],[Date]]) -> 6
A68: =DATE(2026, MONTH(Raw_Data!A68), DAY(Raw_Data!A68)) -> 46204 | B68: Travel | C68: =IF(LOWER(TRIM(B68))="food","Food",IF(LOWER(TRIM(B68))="travel","Travel",IF(LOWER(TRIM(B68))="entertainment","Entertainment","Other"))) -> Travel | D68: Bus | E68: =IF(TRIM(D68)="","Not Specified", IF(C68="Food", IF(LOWER(D68)="lunch","Lunch", IF(LOWER(D68)="dinner","Dinner","Snacks")), IF(C68="Travel", IF(LOWER(D68)="bus","Bus","Bus"), IF(C68="Entertainment", IF(LOWER(D68)="movie","Movie","Other"), "Other")))) -> Bus | F68: college bus | G68: =IF(TRIM(F68)="","Not Provided",PROPER(TRIM(F68))) -> College Bus | H68: 40 | I68: =IF(H68="","",VALUE(SUBSTITUTE(SUBSTITUTE(SUBSTITUTE(LOWER(H68),"rs",""),"/-",""),"$",""))) -> 40 | J68: cash | K68: =IF(TRIM(J68)="","Not Specified",IF(LOWER(J68)="upi","UPI",IF(LOWER(J68)="cash","Cash",IF(LOWER(J68)="card","Card","Other")))) -> Cash | L68: outside | M68: =IF(TRIM(L68)="","Not Specified",PROPER(TRIM(L68))) -> Outside | O68: =IF(TRIM(N68)="","Not Specified",PROPER(TRIM(N68))) -> Not Specified | P68: =TEXT(Table1[[#This Row],[Date]],"mmmm") -> July | Q68: =YEAR(Table1[[#This Row],[Date]]) -> 2026 | R68: =TEXT(Table1[[#This Row],[Date]],"dddd") -> Wednesday | S68: =IF(WEEKDAY(Table1[[#This Row],[Date]],2)>5,"Weekend","Weekday") -> Weekday | T68: =IF(Table1[[#This Row],[Amount_Clean]]>500,"High","Normal") -> Normal | U68: =IF(LOWER(TRIM(Table1[[#This Row],[PaymentMode_Clean]]))="cash","Cash","Digital") -> Cash | V68: =MONTH(Table1[[#This Row],[Date]]) -> 7
A69: =DATE(2026, MONTH(Raw_Data!A69), DAY(Raw_Data!A69)) -> 46235 | B69: Entertainment | C69: =IF(LOWER(TRIM(B69))="food","Food",IF(LOWER(TRIM(B69))="travel","Travel",IF(LOWER(TRIM(B69))="entertainment","Entertainment","Other"))) -> Entertainment | D69: Movie | E69: =IF(TRIM(D69)="","Not Specified", IF(C69="Food", IF(LOWER(D69)="lunch","Lunch", IF(LOWER(D69)="dinner","Dinner","Snacks")), IF(C69="Travel", IF(LOWER(D69)="bus","Bus","Bus"), IF(C69="Entertainment", IF(LOWER(D69)="movie","Movie","Other"), "Other")))) -> Movie | G69: =IF(TRIM(F69)="","Not Provided",PROPER(TRIM(F69))) -> Not Provided | H69: 350 | I69: =IF(H69="","",VALUE(SUBSTITUTE(SUBSTITUTE(SUBSTITUTE(LOWER(H69),"rs",""),"/-",""),"$",""))) -> 350 | J69: card | K69: =IF(TRIM(J69)="","Not Specified",IF(LOWER(J69)="upi","UPI",IF(LOWER(J69)="cash","Cash",IF(LOWER(J69)="card","Card","Other")))) -> Card | L69: mall | M69: =IF(TRIM(L69)="","Not Specified",PROPER(TRIM(L69))) -> Mall | O69: =IF(TRIM(N69)="","Not Specified",PROPER(TRIM(N69))) -> Not Specified | P69: =TEXT(Table1[[#This Row],[Date]],"mmmm") -> August | Q69: =YEAR(Table1[[#This Row],[Date]]) -> 2026 | R69: =TEXT(Table1[[#This Row],[Date]],"dddd") -> Saturday | S69: =IF(WEEKDAY(Table1[[#This Row],[Date]],2)>5,"Weekend","Weekday") -> Weekend | T69: =IF(Table1[[#This Row],[Amount_Clean]]>500,"High","Normal") -> Normal | U69: =IF(LOWER(TRIM(Table1[[#This Row],[PaymentMode_Clean]]))="cash","Cash","Digital") -> Digital | V69: =MONTH(Table1[[#This Row],[Date]]) -> 8
A70: =DATE(2026, MONTH(Raw_Data!A70), DAY(Raw_Data!A70)) -> 46266 | B70: food | C70: =IF(LOWER(TRIM(B70))="food","Food",IF(LOWER(TRIM(B70))="travel","Travel",IF(LOWER(TRIM(B70))="entertainment","Entertainment","Other"))) -> Food | D70: lunch | E70: =IF(TRIM(D70)="","Not Specified", IF(C70="Food", IF(LOWER(D70)="lunch","Lunch", IF(LOWER(D70)="dinner","Dinner","Snacks")), IF(C70="Travel", IF(LOWER(D70)="bus","Bus","Bus"), IF(C70="Entertainment", IF(LOWER(D70)="movie","Movie","Other"), "Other")))) -> Lunch | F70: canteen | G70: =IF(TRIM(F70)="","Not Provided",PROPER(TRIM(F70))) -> Canteen | H70: 200/- | I70: =IF(H70="","",VALUE(SUBSTITUTE(SUBSTITUTE(SUBSTITUTE(LOWER(H70),"rs",""),"/-",""),"$",""))) -> 200 | J70: upi | K70: =IF(TRIM(J70)="","Not Specified",IF(LOWER(J70)="upi","UPI",IF(LOWER(J70)="cash","Cash",IF(LOWER(J70)="card","Card","Other")))) -> UPI | L70: outside | M70: =IF(TRIM(L70)="","Not Specified",PROPER(TRIM(L70))) -> Outside | O70: =IF(TRIM(N70)="","Not Specified",PROPER(TRIM(N70))) -> Not Specified | P70: =TEXT(Table1[[#This Row],[Date]],"mmmm") -> September | Q70: =YEAR(Table1[[#This Row],[Date]]) -> 2026 | R70: =TEXT(Table1[[#This Row],[Date]],"dddd") -> Tuesday | S70: =IF(WEEKDAY(Table1[[#This Row],[Date]],2)>5,"Weekend","Weekday") -> Weekday | T70: =IF(Table1[[#This Row],[Amount_Clean]]>500,"High","Normal") -> Normal | U70: =IF(LOWER(TRIM(Table1[[#This Row],[PaymentMode_Clean]]))="cash","Cash","Digital") -> Digital | V70: =MONTH(Table1[[#This Row],[Date]]) -> 9
A71: =DATE(2026, MONTH(Raw_Data!A71), DAY(Raw_Data!A71)) -> 46296 | B71: Food | C71: =IF(LOWER(TRIM(B71))="food","Food",IF(LOWER(TRIM(B71))="travel","Travel",IF(LOWER(TRIM(B71))="entertainment","Entertainment","Other"))) -> Food | D71: dinner | E71: =IF(TRIM(D71)="","Not Specified", IF(C71="Food", IF(LOWER(D71)="lunch","Lunch", IF(LOWER(D71)="dinner","Dinner","Snacks")), IF(C71="Travel", IF(LOWER(D71)="bus","Bus","Bus"), IF(C71="Entertainment", IF(LOWER(D71)="movie","Movie","Other"), "Other")))) -> Dinner | F71: zomato | G71: =IF(TRIM(F71)="","Not Provided",PROPER(TRIM(F71))) -> Zomato | H71: 280rs | I71: =IF(H71="","",VALUE(SUBSTITUTE(SUBSTITUTE(SUBSTITUTE(LOWER(H71),"rs",""),"/-",""),"$",""))) -> 280 | J71: UPI | K71: =IF(TRIM(J71)="","Not Specified",IF(LOWER(J71)="upi","UPI",IF(LOWER(J71)="cash","Cash",IF(LOWER(J71)="card","Card","Other")))) -> UPI | L71: home | M71: =IF(TRIM(L71)="","Not Specified",PROPER(TRIM(L71))) -> Home | N71: late | O71: =IF(TRIM(N71)="","Not Specified",PROPER(TRIM(N71))) -> Late | P71: =TEXT(Table1[[#This Row],[Date]],"mmmm") -> October | Q71: =YEAR(Table1[[#This Row],[Date]]) -> 2026 | R71: =TEXT(Table1[[#This Row],[Date]],"dddd") -> Thursday | S71: =IF(WEEKDAY(Table1[[#This Row],[Date]],2)>5,"Weekend","Weekday") -> Weekday | T71: =IF(Table1[[#This Row],[Amount_Clean]]>500,"High","Normal") -> Normal | U71: =IF(LOWER(TRIM(Table1[[#This Row],[PaymentMode_Clean]]))="cash","Cash","Digital") -> Digital | V71: =MONTH(Table1[[#This Row],[Date]]) -> 10
A72: =DATE(2026, MONTH(Raw_Data!A72), DAY(Raw_Data!A72)) -> 46327 | B72: Food | C72: =IF(LOWER(TRIM(B72))="food","Food",IF(LOWER(TRIM(B72))="travel","Travel",IF(LOWER(TRIM(B72))="entertainment","Entertainment","Other"))) -> Food | E72: =IF(TRIM(D72)="","Not Specified", IF(C72="Food", IF(LOWER(D72)="lunch","Lunch", IF(LOWER(D72)="dinner","Dinner","Snacks")), IF(C72="Travel", IF(LOWER(D72)="bus","Bus","Bus"), IF(C72="Entertainment", IF(LOWER(D72)="movie","Movie","Other"), "Other")))) -> Not Specified | G72: =IF(TRIM(F72)="","Not Provided",PROPER(TRIM(F72))) -> Not Provided | H72: 90 | I72: =IF(H72="","",VALUE(SUBSTITUTE(SUBSTITUTE(SUBSTITUTE(LOWER(H72),"rs",""),"/-",""),"$",""))) -> 90 | J72: cash | K72: =IF(TRIM(J72)="","Not Specified",IF(LOWER(J72)="upi","UPI",IF(LOWER(J72)="cash","Cash",IF(LOWER(J72)="card","Card","Other")))) -> Cash | L72: outside | M72: =IF(TRIM(L72)="","Not Specified",PROPER(TRIM(L72))) -> Outside | O72: =IF(TRIM(N72)="","Not Specified",PROPER(TRIM(N72))) -> Not Specified | P72: =TEXT(Table1[[#This Row],[Date]],"mmmm") -> November | Q72: =YEAR(Table1[[#This Row],[Date]]) -> 2026 | R72: =TEXT(Table1[[#This Row],[Date]],"dddd") -> Sunday | S72: =IF(WEEKDAY(Table1[[#This Row],[Date]],2)>5,"Weekend","Weekday") -> Weekend | T72: =IF(Table1[[#This Row],[Amount_Clean]]>500,"High","Normal") -> Normal | U72: =IF(LOWER(TRIM(Table1[[#This Row],[PaymentMode_Clean]]))="cash","Cash","Digital") -> Cash | V72: =MONTH(Table1[[#This Row],[Date]]) -> 11
A73: =DATE(2026, MONTH(Raw_Data!A73), DAY(Raw_Data!A73)) -> 46357 | B73: Food | C73: =IF(LOWER(TRIM(B73))="food","Food",IF(LOWER(TRIM(B73))="travel","Travel",IF(LOWER(TRIM(B73))="entertainment","Entertainment","Other"))) -> Food | D73: dinner | E73: =IF(TRIM(D73)="","Not Specified", IF(C73="Food", IF(LOWER(D73)="lunch","Lunch", IF(LOWER(D73)="dinner","Dinner","Snacks")), IF(C73="Travel", IF(LOWER(D73)="bus","Bus","Bus"), IF(C73="Entertainment", IF(LOWER(D73)="movie","Movie","Other"), "Other")))) -> Dinner | F73: zomato | G73: =IF(TRIM(F73)="","Not Provided",PROPER(TRIM(F73))) -> Zomato | H73: 280rs | I73: =IF(H73="","",VALUE(SUBSTITUTE(SUBSTITUTE(SUBSTITUTE(LOWER(H73),"rs",""),"/-",""),"$",""))) -> 280 | J73: UPI | K73: =IF(TRIM(J73)="","Not Specified",IF(LOWER(J73)="upi","UPI",IF(LOWER(J73)="cash","Cash",IF(LOWER(J73)="card","Card","Other")))) -> UPI | L73: home | M73: =IF(TRIM(L73)="","Not Specified",PROPER(TRIM(L73))) -> Home | N73: late | O73: =IF(TRIM(N73)="","Not Specified",PROPER(TRIM(N73))) -> Late | P73: =TEXT(Table1[[#This Row],[Date]],"mmmm") -> December | Q73: =YEAR(Table1[[#This Row],[Date]]) -> 2026 | R73: =TEXT(Table1[[#This Row],[Date]],"dddd") -> Tuesday | S73: =IF(WEEKDAY(Table1[[#This Row],[Date]],2)>5,"Weekend","Weekday") -> Weekday | T73: =IF(Table1[[#This Row],[Amount_Clean]]>500,"High","Normal") -> Normal | U73: =IF(LOWER(TRIM(Table1[[#This Row],[PaymentMode_Clean]]))="cash","Cash","Digital") -> Digital | V73: =MONTH(Table1[[#This Row],[Date]]) -> 12
A74: =DATE(2026, MONTH(Raw_Data!A74), DAY(Raw_Data!A74)) -> 46023 | B74: Food | C74: =IF(LOWER(TRIM(B74))="food","Food",IF(LOWER(TRIM(B74))="travel","Travel",IF(LOWER(TRIM(B74))="entertainment","Entertainment","Other"))) -> Food | E74: =IF(TRIM(D74)="","Not Specified", IF(C74="Food", IF(LOWER(D74)="lunch","Lunch", IF(LOWER(D74)="dinner","Dinner","Snacks")), IF(C74="Travel", IF(LOWER(D74)="bus","Bus","Bus"), IF(C74="Entertainment", IF(LOWER(D74)="movie","Movie","Other"), "Other")))) -> Not Specified | G74: =IF(TRIM(F74)="","Not Provided",PROPER(TRIM(F74))) -> Not Provided | H74: 90 | I74: =IF(H74="","",VALUE(SUBSTITUTE(SUBSTITUTE(SUBSTITUTE(LOWER(H74),"rs",""),"/-",""),"$",""))) -> 90 | J74: cash | K74: =IF(TRIM(J74)="","Not Specified",IF(LOWER(J74)="upi","UPI",IF(LOWER(J74)="cash","Cash",IF(LOWER(J74)="card","Card","Other")))) -> Cash | L74: outside | M74: =IF(TRIM(L74)="","Not Specified",PROPER(TRIM(L74))) -> Outside | O74: =IF(TRIM(N74)="","Not Specified",PROPER(TRIM(N74))) -> Not Specified | P74: =TEXT(Table1[[#This Row],[Date]],"mmmm") -> January | Q74: =YEAR(Table1[[#This Row],[Date]]) -> 2026 | R74: =TEXT(Table1[[#This Row],[Date]],"dddd") -> Thursday | S74: =IF(WEEKDAY(Table1[[#This Row],[Date]],2)>5,"Weekend","Weekday") -> Weekday | T74: =IF(Table1[[#This Row],[Amount_Clean]]>500,"High","Normal") -> Normal | U74: =IF(LOWER(TRIM(Table1[[#This Row],[PaymentMode_Clean]]))="cash","Cash","Digital") -> Cash | V74: =MONTH(Table1[[#This Row],[Date]]) -> 1
A75: =DATE(2026, MONTH(Raw_Data!A75), DAY(Raw_Data!A75)) -> 46054 | B75: Travel | C75: =IF(LOWER(TRIM(B75))="food","Food",IF(LOWER(TRIM(B75))="travel","Travel",IF(LOWER(TRIM(B75))="entertainment","Entertainment","Other"))) -> Travel | D75: Bus | E75: =IF(TRIM(D75)="","Not Specified", IF(C75="Food", IF(LOWER(D75)="lunch","Lunch", IF(LOWER(D75)="dinner","Dinner","Snacks")), IF(C75="Travel", IF(LOWER(D75)="bus","Bus","Bus"), IF(C75="Entertainment", IF(LOWER(D75)="movie","Movie","Other"), "Other")))) -> Bus | F75: college bus | G75: =IF(TRIM(F75)="","Not Provided",PROPER(TRIM(F75))) -> College Bus | H75: 40 | I75: =IF(H75="","",VALUE(SUBSTITUTE(SUBSTITUTE(SUBSTITUTE(LOWER(H75),"rs",""),"/-",""),"$",""))) -> 40 | J75: cash | K75: =IF(TRIM(J75)="","Not Specified",IF(LOWER(J75)="upi","UPI",IF(LOWER(J75)="cash","Cash",IF(LOWER(J75)="card","Card","Other")))) -> Cash | L75: outside | M75: =IF(TRIM(L75)="","Not Specified",PROPER(TRIM(L75))) -> Outside | O75: =IF(TRIM(N75)="","Not Specified",PROPER(TRIM(N75))) -> Not Specified | P75: =TEXT(Table1[[#This Row],[Date]],"mmmm") -> February | Q75: =YEAR(Table1[[#This Row],[Date]]) -> 2026 | R75: =TEXT(Table1[[#This Row],[Date]],"dddd") -> Sunday | S75: =IF(WEEKDAY(Table1[[#This Row],[Date]],2)>5,"Weekend","Weekday") -> Weekend | T75: =IF(Table1[[#This Row],[Amount_Clean]]>500,"High","Normal") -> Normal | U75: =IF(LOWER(TRIM(Table1[[#This Row],[PaymentMode_Clean]]))="cash","Cash","Digital") -> Cash | V75: =MONTH(Table1[[#This Row],[Date]]) -> 2
A76: =DATE(2026, MONTH(Raw_Data!A76), DAY(Raw_Data!A76)) -> 46082 | B76: Entertainment | C76: =IF(LOWER(TRIM(B76))="food","Food",IF(LOWER(TRIM(B76))="travel","Travel",IF(LOWER(TRIM(B76))="entertainment","Entertainment","Other"))) -> Entertainment | D76: Movie | E76: =IF(TRIM(D76)="","Not Specified", IF(C76="Food", IF(LOWER(D76)="lunch","Lunch", IF(LOWER(D76)="dinner","Dinner","Snacks")), IF(C76="Travel", IF(LOWER(D76)="bus","Bus","Bus"), IF(C76="Entertainment", IF(LOWER(D76)="movie","Movie","Other"), "Other")))) -> Movie | G76: =IF(TRIM(F76)="","Not Provided",PROPER(TRIM(F76))) -> Not Provided | H76: 350 | I76: =IF(H76="","",VALUE(SUBSTITUTE(SUBSTITUTE(SUBSTITUTE(LOWER(H76),"rs",""),"/-",""),"$",""))) -> 350 | J76: card | K76: =IF(TRIM(J76)="","Not Specified",IF(LOWER(J76)="upi","UPI",IF(LOWER(J76)="cash","Cash",IF(LOWER(J76)="card","Card","Other")))) -> Card | L76: mall | M76: =IF(TRIM(L76)="","Not Specified",PROPER(TRIM(L76))) -> Mall | O76: =IF(TRIM(N76)="","Not Specified",PROPER(TRIM(N76))) -> Not Specified | P76: =TEXT(Table1[[#This Row],[Date]],"mmmm") -> March | Q76: =YEAR(Table1[[#This Row],[Date]]) -> 2026 | R76: =TEXT(Table1[[#This Row],[Date]],"dddd") -> Sunday | S76: =IF(WEEKDAY(Table1[[#This Row],[Date]],2)>5,"Weekend","Weekday") -> Weekend | T76: =IF(Table1[[#This Row],[Amount_Clean]]>500,"High","Normal") -> Normal | U76: =IF(LOWER(TRIM(Table1[[#This Row],[PaymentMode_Clean]]))="cash","Cash","Digital") -> Digital | V76: =MONTH(Table1[[#This Row],[Date]]) -> 3
A77: =DATE(2026, MONTH(Raw_Data!A77), DAY(Raw_Data!A77)) -> 46113 | B77: food | C77: =IF(LOWER(TRIM(B77))="food","Food",IF(LOWER(TRIM(B77))="travel","Travel",IF(LOWER(TRIM(B77))="entertainment","Entertainment","Other"))) -> Food | D77: lunch | E77: =IF(TRIM(D77)="","Not Specified", IF(C77="Food", IF(LOWER(D77)="lunch","Lunch", IF(LOWER(D77)="dinner","Dinner","Snacks")), IF(C77="Travel", IF(LOWER(D77)="bus","Bus","Bus"), IF(C77="Entertainment", IF(LOWER(D77)="movie","Movie","Other"), "Other")))) -> Lunch | F77: canteen | G77: =IF(TRIM(F77)="","Not Provided",PROPER(TRIM(F77))) -> Canteen | H77: 200/- | I77: =IF(H77="","",VALUE(SUBSTITUTE(SUBSTITUTE(SUBSTITUTE(LOWER(H77),"rs",""),"/-",""),"$",""))) -> 200 | J77: upi | K77: =IF(TRIM(J77)="","Not Specified",IF(LOWER(J77)="upi","UPI",IF(LOWER(J77)="cash","Cash",IF(LOWER(J77)="card","Card","Other")))) -> UPI | L77: outside | M77: =IF(TRIM(L77)="","Not Specified",PROPER(TRIM(L77))) -> Outside | O77: =IF(TRIM(N77)="","Not Specified",PROPER(TRIM(N77))) -> Not Specified | P77: =TEXT(Table1[[#This Row],[Date]],"mmmm") -> April | Q77: =YEAR(Table1[[#This Row],[Date]]) -> 2026 | R77: =TEXT(Table1[[#This Row],[Date]],"dddd") -> Wednesday | S77: =IF(WEEKDAY(Table1[[#This Row],[Date]],2)>5,"Weekend","Weekday") -> Weekday | T77: =IF(Table1[[#This Row],[Amount_Clean]]>500,"High","Normal") -> Normal | U77: =IF(LOWER(TRIM(Table1[[#This Row],[PaymentMode_Clean]]))="cash","Cash","Digital") -> Digital | V77: =MONTH(Table1[[#This Row],[Date]]) -> 4
A78: =DATE(2026, MONTH(Raw_Data!A78), DAY(Raw_Data!A78)) -> 46143 | B78: Food | C78: =IF(LOWER(TRIM(B78))="food","Food",IF(LOWER(TRIM(B78))="travel","Travel",IF(LOWER(TRIM(B78))="entertainment","Entertainment","Other"))) -> Food | D78: dinner | E78: =IF(TRIM(D78)="","Not Specified", IF(C78="Food", IF(LOWER(D78)="lunch","Lunch", IF(LOWER(D78)="dinner","Dinner","Snacks")), IF(C78="Travel", IF(LOWER(D78)="bus","Bus","Bus"), IF(C78="Entertainment", IF(LOWER(D78)="movie","Movie","Other"), "Other")))) -> Dinner | F78: zomato | G78: =IF(TRIM(F78)="","Not Provided",PROPER(TRIM(F78))) -> Zomato | H78: 280rs | I78: =IF(H78="","",VALUE(SUBSTITUTE(SUBSTITUTE(SUBSTITUTE(LOWER(H78),"rs",""),"/-",""),"$",""))) -> 280 | J78: UPI | K78: =IF(TRIM(J78)="","Not Specified",IF(LOWER(J78)="upi","UPI",IF(LOWER(J78)="cash","Cash",IF(LOWER(J78)="card","Card","Other")))) -> UPI | L78: home | M78: =IF(TRIM(L78)="","Not Specified",PROPER(TRIM(L78))) -> Home | N78: late | O78: =IF(TRIM(N78)="","Not Specified",PROPER(TRIM(N78))) -> Late | P78: =TEXT(Table1[[#This Row],[Date]],"mmmm") -> May | Q78: =YEAR(Table1[[#This Row],[Date]]) -> 2026 | R78: =TEXT(Table1[[#This Row],[Date]],"dddd") -> Friday | S78: =IF(WEEKDAY(Table1[[#This Row],[Date]],2)>5,"Weekend","Weekday") -> Weekday | T78: =IF(Table1[[#This Row],[Amount_Clean]]>500,"High","Normal") -> Normal | U78: =IF(LOWER(TRIM(Table1[[#This Row],[PaymentMode_Clean]]))="cash","Cash","Digital") -> Digital | V78: =MONTH(Table1[[#This Row],[Date]]) -> 5
A79: =DATE(2026, MONTH(Raw_Data!A79), DAY(Raw_Data!A79)) -> 46174 | B79: Food | C79: =IF(LOWER(TRIM(B79))="food","Food",IF(LOWER(TRIM(B79))="travel","Travel",IF(LOWER(TRIM(B79))="entertainment","Entertainment","Other"))) -> Food | E79: =IF(TRIM(D79)="","Not Specified", IF(C79="Food", IF(LOWER(D79)="lunch","Lunch", IF(LOWER(D79)="dinner","Dinner","Snacks")), IF(C79="Travel", IF(LOWER(D79)="bus","Bus","Bus"), IF(C79="Entertainment", IF(LOWER(D79)="movie","Movie","Other"), "Other")))) -> Not Specified | G79: =IF(TRIM(F79)="","Not Provided",PROPER(TRIM(F79))) -> Not Provided | H79: 90 | I79: =IF(H79="","",VALUE(SUBSTITUTE(SUBSTITUTE(SUBSTITUTE(LOWER(H79),"rs",""),"/-",""),"$",""))) -> 90 | J79: cash | K79: =IF(TRIM(J79)="","Not Specified",IF(LOWER(J79)="upi","UPI",IF(LOWER(J79)="cash","Cash",IF(LOWER(J79)="card","Card","Other")))) -> Cash | L79: outside | M79: =IF(TRIM(L79)="","Not Specified",PROPER(TRIM(L79))) -> Outside | O79: =IF(TRIM(N79)="","Not Specified",PROPER(TRIM(N79))) -> Not Specified | P79: =TEXT(Table1[[#This Row],[Date]],"mmmm") -> June | Q79: =YEAR(Table1[[#This Row],[Date]]) -> 2026 | R79: =TEXT(Table1[[#This Row],[Date]],"dddd") -> Monday | S79: =IF(WEEKDAY(Table1[[#This Row],[Date]],2)>5,"Weekend","Weekday") -> Weekday | T79: =IF(Table1[[#This Row],[Amount_Clean]]>500,"High","Normal") -> Normal | U79: =IF(LOWER(TRIM(Table1[[#This Row],[PaymentMode_Clean]]))="cash","Cash","Digital") -> Cash | V79: =MONTH(Table1[[#This Row],[Date]]) -> 6
A80: =DATE(2026, MONTH(Raw_Data!A80), DAY(Raw_Data!A80)) -> 46204 | B80: Food | C80: =IF(LOWER(TRIM(B80))="food","Food",IF(LOWER(TRIM(B80))="travel","Travel",IF(LOWER(TRIM(B80))="entertainment","Entertainment","Other"))) -> Food | D80: dinner | E80: =IF(TRIM(D80)="","Not Specified", IF(C80="Food", IF(LOWER(D80)="lunch","Lunch", IF(LOWER(D80)="dinner","Dinner","Snacks")), IF(C80="Travel", IF(LOWER(D80)="bus","Bus","Bus"), IF(C80="Entertainment", IF(LOWER(D80)="movie","Movie","Other"), "Other")))) -> Dinner | F80: zomato | G80: =IF(TRIM(F80)="","Not Provided",PROPER(TRIM(F80))) -> Zomato | H80: 280rs | I80: =IF(H80="","",VALUE(SUBSTITUTE(SUBSTITUTE(SUBSTITUTE(LOWER(H80),"rs",""),"/-",""),"$",""))) -> 280 | J80: UPI | K80: =IF(TRIM(J80)="","Not Specified",IF(LOWER(J80)="upi","UPI",IF(LOWER(J80)="cash","Cash",IF(LOWER(J80)="card","Card","Other")))) -> UPI | L80: home | M80: =IF(TRIM(L80)="","Not Specified",PROPER(TRIM(L80))) -> Home | N80: late | O80: =IF(TRIM(N80)="","Not Specified",PROPER(TRIM(N80))) -> Late | P80: =TEXT(Table1[[#This Row],[Date]],"mmmm") -> July | Q80: =YEAR(Table1[[#This Row],[Date]]) -> 2026 | R80: =TEXT(Table1[[#This Row],[Date]],"dddd") -> Wednesday | S80: =IF(WEEKDAY(Table1[[#This Row],[Date]],2)>5,"Weekend","Weekday") -> Weekday | T80: =IF(Table1[[#This Row],[Amount_Clean]]>500,"High","Normal") -> Normal | U80: =IF(LOWER(TRIM(Table1[[#This Row],[PaymentMode_Clean]]))="cash","Cash","Digital") -> Digital | V80: =MONTH(Table1[[#This Row],[Date]]) -> 7
A81: =DATE(2026, MONTH(Raw_Data!A81), DAY(Raw_Data!A81)) -> 46235 | B81: Food | C81: =IF(LOWER(TRIM(B81))="food","Food",IF(LOWER(TRIM(B81))="travel","Travel",IF(LOWER(TRIM(B81))="entertainment","Entertainment","Other"))) -> Food | E81: =IF(TRIM(D81)="","Not Specified", IF(C81="Food", IF(LOWER(D81)="lunch","Lunch", IF(LOWER(D81)="dinner","Dinner","Snacks")), IF(C81="Travel", IF(LOWER(D81)="bus","Bus","Bus"), IF(C81="Entertainment", IF(LOWER(D81)="movie","Movie","Other"), "Other")))) -> Not Specified | G81: =IF(TRIM(F81)="","Not Provided",PROPER(TRIM(F81))) -> Not Provided | H81: 90 | I81: =IF(H81="","",VALUE(SUBSTITUTE(SUBSTITUTE(SUBSTITUTE(LOWER(H81),"rs",""),"/-",""),"$",""))) -> 90 | J81: cash | K81: =IF(TRIM(J81)="","Not Specified",IF(LOWER(J81)="upi","UPI",IF(LOWER(J81)="cash","Cash",IF(LOWER(J81)="card","Card","Other")))) -> Cash | L81: outside | M81: =IF(TRIM(L81)="","Not Specified",PROPER(TRIM(L81))) -> Outside | O81: =IF(TRIM(N81)="","Not Specified",PROPER(TRIM(N81))) -> Not Specified | P81: =TEXT(Table1[[#This Row],[Date]],"mmmm") -> August | Q81: =YEAR(Table1[[#This Row],[Date]]) -> 2026 | R81: =TEXT(Table1[[#This Row],[Date]],"dddd") -> Saturday | S81: =IF(WEEKDAY(Table1[[#This Row],[Date]],2)>5,"Weekend","Weekday") -> Weekend | T81: =IF(Table1[[#This Row],[Amount_Clean]]>500,"High","Normal") -> Normal | U81: =IF(LOWER(TRIM(Table1[[#This Row],[PaymentMode_Clean]]))="cash","Cash","Digital") -> Cash | V81: =MONTH(Table1[[#This Row],[Date]]) -> 8
A82: =DATE(2026, MONTH(Raw_Data!A82), DAY(Raw_Data!A82)) -> 46266 | B82: Food | C82: =IF(LOWER(TRIM(B82))="food","Food",IF(LOWER(TRIM(B82))="travel","Travel",IF(LOWER(TRIM(B82))="entertainment","Entertainment","Other"))) -> Food | E82: =IF(TRIM(D82)="","Not Specified", IF(C82="Food", IF(LOWER(D82)="lunch","Lunch", IF(LOWER(D82)="dinner","Dinner","Snacks")), IF(C82="Travel", IF(LOWER(D82)="bus","Bus","Bus"), IF(C82="Entertainment", IF(LOWER(D82)="movie","Movie","Other"), "Other")))) -> Not Specified | G82: =IF(TRIM(F82)="","Not Provided",PROPER(TRIM(F82))) -> Not Provided | H82: 90 | I82: =IF(H82="","",VALUE(SUBSTITUTE(SUBSTITUTE(SUBSTITUTE(LOWER(H82),"rs",""),"/-",""),"$",""))) -> 90 | J82: cash | K82: =IF(TRIM(J82)="","Not Specified",IF(LOWER(J82)="upi","UPI",IF(LOWER(J82)="cash","Cash",IF(LOWER(J82)="card","Card","Other")))) -> Cash | L82: outside | M82: =IF(TRIM(L82)="","Not Specified",PROPER(TRIM(L82))) -> Outside | O82: =IF(TRIM(N82)="","Not Specified",PROPER(TRIM(N82))) -> Not Specified | P82: =TEXT(Table1[[#This Row],[Date]],"mmmm") -> September | Q82: =YEAR(Table1[[#This Row],[Date]]) -> 2026 | R82: =TEXT(Table1[[#This Row],[Date]],"dddd") -> Tuesday | S82: =IF(WEEKDAY(Table1[[#This Row],[Date]],2)>5,"Weekend","Weekday") -> Weekday | T82: =IF(Table1[[#This Row],[Amount_Clean]]>500,"High","Normal") -> Normal | U82: =IF(LOWER(TRIM(Table1[[#This Row],[PaymentMode_Clean]]))="cash","Cash","Digital") -> Cash | V82: =MONTH(Table1[[#This Row],[Date]]) -> 9
A83: =DATE(2026, MONTH(Raw_Data!A83), DAY(Raw_Data!A83)) -> 46296 | B83: Travel | C83: =IF(LOWER(TRIM(B83))="food","Food",IF(LOWER(TRIM(B83))="travel","Travel",IF(LOWER(TRIM(B83))="entertainment","Entertainment","Other"))) -> Travel | D83: Bus | E83: =IF(TRIM(D83)="","Not Specified", IF(C83="Food", IF(LOWER(D83)="lunch","Lunch", IF(LOWER(D83)="dinner","Dinner","Snacks")), IF(C83="Travel", IF(LOWER(D83)="bus","Bus","Bus"), IF(C83="Entertainment", IF(LOWER(D83)="movie","Movie","Other"), "Other")))) -> Bus | F83: college bus | G83: =IF(TRIM(F83)="","Not Provided",PROPER(TRIM(F83))) -> College Bus | H83: 40 | I83: =IF(H83="","",VALUE(SUBSTITUTE(SUBSTITUTE(SUBSTITUTE(LOWER(H83),"rs",""),"/-",""),"$",""))) -> 40 | J83: cash | K83: =IF(TRIM(J83)="","Not Specified",IF(LOWER(J83)="upi","UPI",IF(LOWER(J83)="cash","Cash",IF(LOWER(J83)="card","Card","Other")))) -> Cash | L83: outside | M83: =IF(TRIM(L83)="","Not Specified",PROPER(TRIM(L83))) -> Outside | O83: =IF(TRIM(N83)="","Not Specified",PROPER(TRIM(N83))) -> Not Specified | P83: =TEXT(Table1[[#This Row],[Date]],"mmmm") -> October | Q83: =YEAR(Table1[[#This Row],[Date]]) -> 2026 | R83: =TEXT(Table1[[#This Row],[Date]],"dddd") -> Thursday | S83: =IF(WEEKDAY(Table1[[#This Row],[Date]],2)>5,"Weekend","Weekday") -> Weekday | T83: =IF(Table1[[#This Row],[Amount_Clean]]>500,"High","Normal") -> Normal | U83: =IF(LOWER(TRIM(Table1[[#This Row],[PaymentMode_Clean]]))="cash","Cash","Digital") -> Cash | V83: =MONTH(Table1[[#This Row],[Date]]) -> 10
A84: =DATE(2026, MONTH(Raw_Data!A84), DAY(Raw_Data!A84)) -> 46327 | B84: Entertainment | C84: =IF(LOWER(TRIM(B84))="food","Food",IF(LOWER(TRIM(B84))="travel","Travel",IF(LOWER(TRIM(B84))="entertainment","Entertainment","Other"))) -> Entertainment | D84: Movie | E84: =IF(TRIM(D84)="","Not Specified", IF(C84="Food", IF(LOWER(D84)="lunch","Lunch", IF(LOWER(D84)="dinner","Dinner","Snacks")), IF(C84="Travel", IF(LOWER(D84)="bus","Bus","Bus"), IF(C84="Entertainment", IF(LOWER(D84)="movie","Movie","Other"), "Other")))) -> Movie | G84: =IF(TRIM(F84)="","Not Provided",PROPER(TRIM(F84))) -> Not Provided | H84: 350 | I84: =IF(H84="","",VALUE(SUBSTITUTE(SUBSTITUTE(SUBSTITUTE(LOWER(H84),"rs",""),"/-",""),"$",""))) -> 350 | J84: card | K84: =IF(TRIM(J84)="","Not Specified",IF(LOWER(J84)="upi","UPI",IF(LOWER(J84)="cash","Cash",IF(LOWER(J84)="card","Card","Other")))) -> Card | L84: mall | M84: =IF(TRIM(L84)="","Not Specified",PROPER(TRIM(L84))) -> Mall | O84: =IF(TRIM(N84)="","Not Specified",PROPER(TRIM(N84))) -> Not Specified | P84: =TEXT(Table1[[#This Row],[Date]],"mmmm") -> November | Q84: =YEAR(Table1[[#This Row],[Date]]) -> 2026 | R84: =TEXT(Table1[[#This Row],[Date]],"dddd") -> Sunday | S84: =IF(WEEKDAY(Table1[[#This Row],[Date]],2)>5,"Weekend","Weekday") -> Weekend | T84: =IF(Table1[[#This Row],[Amount_Clean]]>500,"High","Normal") -> Normal | U84: =IF(LOWER(TRIM(Table1[[#This Row],[PaymentMode_Clean]]))="cash","Cash","Digital") -> Digital | V84: =MONTH(Table1[[#This Row],[Date]]) -> 11
A85: =DATE(2026, MONTH(Raw_Data!A85), DAY(Raw_Data!A85)) -> 46357 | B85: food | C85: =IF(LOWER(TRIM(B85))="food","Food",IF(LOWER(TRIM(B85))="travel","Travel",IF(LOWER(TRIM(B85))="entertainment","Entertainment","Other"))) -> Food | D85: lunch | E85: =IF(TRIM(D85)="","Not Specified", IF(C85="Food", IF(LOWER(D85)="lunch","Lunch", IF(LOWER(D85)="dinner","Dinner","Snacks")), IF(C85="Travel", IF(LOWER(D85)="bus","Bus","Bus"), IF(C85="Entertainment", IF(LOWER(D85)="movie","Movie","Other"), "Other")))) -> Lunch | F85: canteen | G85: =IF(TRIM(F85)="","Not Provided",PROPER(TRIM(F85))) -> Canteen | H85: 200/- | I85: =IF(H85="","",VALUE(SUBSTITUTE(SUBSTITUTE(SUBSTITUTE(LOWER(H85),"rs",""),"/-",""),"$",""))) -> 200 | J85: upi | K85: =IF(TRIM(J85)="","Not Specified",IF(LOWER(J85)="upi","UPI",IF(LOWER(J85)="cash","Cash",IF(LOWER(J85)="card","Card","Other")))) -> UPI | L85: outside | M85: =IF(TRIM(L85)="","Not Specified",PROPER(TRIM(L85))) -> Outside | O85: =IF(TRIM(N85)="","Not Specified",PROPER(TRIM(N85))) -> Not Specified | P85: =TEXT(Table1[[#This Row],[Date]],"mmmm") -> December | Q85: =YEAR(Table1[[#This Row],[Date]]) -> 2026 | R85: =TEXT(Table1[[#This Row],[Date]],"dddd") -> Tuesday | S85: =IF(WEEKDAY(Table1[[#This Row],[Date]],2)>5,"Weekend","Weekday") -> Weekday | T85: =IF(Table1[[#This Row],[Amount_Clean]]>500,"High","Normal") -> Normal | U85: =IF(LOWER(TRIM(Table1[[#This Row],[PaymentMode_Clean]]))="cash","Cash","Digital") -> Digital | V85: =MONTH(Table1[[#This Row],[Date]]) -> 12
A86: =DATE(2026, MONTH(Raw_Data!A86), DAY(Raw_Data!A86)) -> 46023 | B86: Food | C86: =IF(LOWER(TRIM(B86))="food","Food",IF(LOWER(TRIM(B86))="travel","Travel",IF(LOWER(TRIM(B86))="entertainment","Entertainment","Other"))) -> Food | E86: =IF(TRIM(D86)="","Not Specified", IF(C86="Food", IF(LOWER(D86)="lunch","Lunch", IF(LOWER(D86)="dinner","Dinner","Snacks")), IF(C86="Travel", IF(LOWER(D86)="bus","Bus","Bus"), IF(C86="Entertainment", IF(LOWER(D86)="movie","Movie","Other"), "Other")))) -> Not Specified | G86: =IF(TRIM(F86)="","Not Provided",PROPER(TRIM(F86))) -> Not Provided | H86: 90 | I86: =IF(H86="","",VALUE(SUBSTITUTE(SUBSTITUTE(SUBSTITUTE(LOWER(H86),"rs",""),"/-",""),"$",""))) -> 90 | J86: cash | K86: =IF(TRIM(J86)="","Not Specified",IF(LOWER(J86)="upi","UPI",IF(LOWER(J86)="cash","Cash",IF(LOWER(J86)="card","Card","Other")))) -> Cash | L86: outside | M86: =IF(TRIM(L86)="","Not Specified",PROPER(TRIM(L86))) -> Outside | O86: =IF(TRIM(N86)="","Not Specified",PROPER(TRIM(N86))) -> Not Specified | P86: =TEXT(Table1[[#This Row],[Date]],"mmmm") -> January | Q86: =YEAR(Table1[[#This Row],[Date]]) -> 2026 | R86: =TEXT(Table1[[#This Row],[Date]],"dddd") -> Thursday | S86: =IF(WEEKDAY(Table1[[#This Row],[Date]],2)>5,"Weekend","Weekday") -> Weekday | T86: =IF(Table1[[#This Row],[Amount_Clean]]>500,"High","Normal") -> Normal | U86: =IF(LOWER(TRIM(Table1[[#This Row],[PaymentMode_Clean]]))="cash","Cash","Digital") -> Cash | V86: =MONTH(Table1[[#This Row],[Date]]) -> 1
A87: =DATE(2026, MONTH(Raw_Data!A87), DAY(Raw_Data!A87)) -> 46054 | B87: Travel | C87: =IF(LOWER(TRIM(B87))="food","Food",IF(LOWER(TRIM(B87))="travel","Travel",IF(LOWER(TRIM(B87))="entertainment","Entertainment","Other"))) -> Travel | D87: Bus | E87: =IF(TRIM(D87)="","Not Specified", IF(C87="Food", IF(LOWER(D87)="lunch","Lunch", IF(LOWER(D87)="dinner","Dinner","Snacks")), IF(C87="Travel", IF(LOWER(D87)="bus","Bus","Bus"), IF(C87="Entertainment", IF(LOWER(D87)="movie","Movie","Other"), "Other")))) -> Bus | F87: college bus | G87: =IF(TRIM(F87)="","Not Provided",PROPER(TRIM(F87))) -> College Bus | H87: 40 | I87: =IF(H87="","",VALUE(SUBSTITUTE(SUBSTITUTE(SUBSTITUTE(LOWER(H87),"rs",""),"/-",""),"$",""))) -> 40 | J87: cash | K87: =IF(TRIM(J87)="","Not Specified",IF(LOWER(J87)="upi","UPI",IF(LOWER(J87)="cash","Cash",IF(LOWER(J87)="card","Card","Other")))) -> Cash | L87: outside | M87: =IF(TRIM(L87)="","Not Specified",PROPER(TRIM(L87))) -> Outside | O87: =IF(TRIM(N87)="","Not Specified",PROPER(TRIM(N87))) -> Not Specified | P87: =TEXT(Table1[[#This Row],[Date]],"mmmm") -> February | Q87: =YEAR(Table1[[#This Row],[Date]]) -> 2026 | R87: =TEXT(Table1[[#This Row],[Date]],"dddd") -> Sunday | S87: =IF(WEEKDAY(Table1[[#This Row],[Date]],2)>5,"Weekend","Weekday") -> Weekend | T87: =IF(Table1[[#This Row],[Amount_Clean]]>500,"High","Normal") -> Normal | U87: =IF(LOWER(TRIM(Table1[[#This Row],[PaymentMode_Clean]]))="cash","Cash","Digital") -> Cash | V87: =MONTH(Table1[[#This Row],[Date]]) -> 2
A88: =DATE(2026, MONTH(Raw_Data!A88), DAY(Raw_Data!A88)) -> 46082 | B88: Entertainment | C88: =IF(LOWER(TRIM(B88))="food","Food",IF(LOWER(TRIM(B88))="travel","Travel",IF(LOWER(TRIM(B88))="entertainment","Entertainment","Other"))) -> Entertainment | D88: Movie | E88: =IF(TRIM(D88)="","Not Specified", IF(C88="Food", IF(LOWER(D88)="lunch","Lunch", IF(LOWER(D88)="dinner","Dinner","Snacks")), IF(C88="Travel", IF(LOWER(D88)="bus","Bus","Bus"), IF(C88="Entertainment", IF(LOWER(D88)="movie","Movie","Other"), "Other")))) -> Movie | G88: =IF(TRIM(F88)="","Not Provided",PROPER(TRIM(F88))) -> Not Provided | H88: 350 | I88: =IF(H88="","",VALUE(SUBSTITUTE(SUBSTITUTE(SUBSTITUTE(LOWER(H88),"rs",""),"/-",""),"$",""))) -> 350 | J88: card | K88: =IF(TRIM(J88)="","Not Specified",IF(LOWER(J88)="upi","UPI",IF(LOWER(J88)="cash","Cash",IF(LOWER(J88)="card","Card","Other")))) -> Card | L88: mall | M88: =IF(TRIM(L88)="","Not Specified",PROPER(TRIM(L88))) -> Mall | O88: =IF(TRIM(N88)="","Not Specified",PROPER(TRIM(N88))) -> Not Specified | P88: =TEXT(Table1[[#This Row],[Date]],"mmmm") -> March | Q88: =YEAR(Table1[[#This Row],[Date]]) -> 2026 | R88: =TEXT(Table1[[#This Row],[Date]],"dddd") -> Sunday | S88: =IF(WEEKDAY(Table1[[#This Row],[Date]],2)>5,"Weekend","Weekday") -> Weekend | T88: =IF(Table1[[#This Row],[Amount_Clean]]>500,"High","Normal") -> Normal | U88: =IF(LOWER(TRIM(Table1[[#This Row],[PaymentMode_Clean]]))="cash","Cash","Digital") -> Digital | V88: =MONTH(Table1[[#This Row],[Date]]) -> 3
A89: =DATE(2026, MONTH(Raw_Data!A89), DAY(Raw_Data!A89)) -> 46113 | B89: food | C89: =IF(LOWER(TRIM(B89))="food","Food",IF(LOWER(TRIM(B89))="travel","Travel",IF(LOWER(TRIM(B89))="entertainment","Entertainment","Other"))) -> Food | D89: lunch | E89: =IF(TRIM(D89)="","Not Specified", IF(C89="Food", IF(LOWER(D89)="lunch","Lunch", IF(LOWER(D89)="dinner","Dinner","Snacks")), IF(C89="Travel", IF(LOWER(D89)="bus","Bus","Bus"), IF(C89="Entertainment", IF(LOWER(D89)="movie","Movie","Other"), "Other")))) -> Lunch | F89: canteen | G89: =IF(TRIM(F89)="","Not Provided",PROPER(TRIM(F89))) -> Canteen | H89: 200/- | I89: =IF(H89="","",VALUE(SUBSTITUTE(SUBSTITUTE(SUBSTITUTE(LOWER(H89),"rs",""),"/-",""),"$",""))) -> 200 | J89: upi | K89: =IF(TRIM(J89)="","Not Specified",IF(LOWER(J89)="upi","UPI",IF(LOWER(J89)="cash","Cash",IF(LOWER(J89)="card","Card","Other")))) -> UPI | L89: outside | M89: =IF(TRIM(L89)="","Not Specified",PROPER(TRIM(L89))) -> Outside | O89: =IF(TRIM(N89)="","Not Specified",PROPER(TRIM(N89))) -> Not Specified | P89: =TEXT(Table1[[#This Row],[Date]],"mmmm") -> April | Q89: =YEAR(Table1[[#This Row],[Date]]) -> 2026 | R89: =TEXT(Table1[[#This Row],[Date]],"dddd") -> Wednesday | S89: =IF(WEEKDAY(Table1[[#This Row],[Date]],2)>5,"Weekend","Weekday") -> Weekday | T89: =IF(Table1[[#This Row],[Amount_Clean]]>500,"High","Normal") -> Normal | U89: =IF(LOWER(TRIM(Table1[[#This Row],[PaymentMode_Clean]]))="cash","Cash","Digital") -> Digital | V89: =MONTH(Table1[[#This Row],[Date]]) -> 4
A90: =DATE(2026, MONTH(Raw_Data!A90), DAY(Raw_Data!A90)) -> 46143 | B90: Food | C90: =IF(LOWER(TRIM(B90))="food","Food",IF(LOWER(TRIM(B90))="travel","Travel",IF(LOWER(TRIM(B90))="entertainment","Entertainment","Other"))) -> Food | E90: =IF(TRIM(D90)="","Not Specified", IF(C90="Food", IF(LOWER(D90)="lunch","Lunch", IF(LOWER(D90)="dinner","Dinner","Snacks")), IF(C90="Travel", IF(LOWER(D90)="bus","Bus","Bus"), IF(C90="Entertainment", IF(LOWER(D90)="movie","Movie","Other"), "Other")))) -> Not Specified | G90: =IF(TRIM(F90)="","Not Provided",PROPER(TRIM(F90))) -> Not Provided | H90: 90 | I90: =IF(H90="","",VALUE(SUBSTITUTE(SUBSTITUTE(SUBSTITUTE(LOWER(H90),"rs",""),"/-",""),"$",""))) -> 90 | J90: cash | K90: =IF(TRIM(J90)="","Not Specified",IF(LOWER(J90)="upi","UPI",IF(LOWER(J90)="cash","Cash",IF(LOWER(J90)="card","Card","Other")))) -> Cash | L90: outside | M90: =IF(TRIM(L90)="","Not Specified",PROPER(TRIM(L90))) -> Outside | O90: =IF(TRIM(N90)="","Not Specified",PROPER(TRIM(N90))) -> Not Specified | P90: =TEXT(Table1[[#This Row],[Date]],"mmmm") -> May | Q90: =YEAR(Table1[[#This Row],[Date]]) -> 2026 | R90: =TEXT(Table1[[#This Row],[Date]],"dddd") -> Friday | S90: =IF(WEEKDAY(Table1[[#This Row],[Date]],2)>5,"Weekend","Weekday") -> Weekday | T90: =IF(Table1[[#This Row],[Amount_Clean]]>500,"High","Normal") -> Normal | U90: =IF(LOWER(TRIM(Table1[[#This Row],[PaymentMode_Clean]]))="cash","Cash","Digital") -> Cash | V90: =MONTH(Table1[[#This Row],[Date]]) -> 5
A91: =DATE(2026, MONTH(Raw_Data!A91), DAY(Raw_Data!A91)) -> 46174 | B91: Travel | C91: =IF(LOWER(TRIM(B91))="food","Food",IF(LOWER(TRIM(B91))="travel","Travel",IF(LOWER(TRIM(B91))="entertainment","Entertainment","Other"))) -> Travel | D91: Bus | E91: =IF(TRIM(D91)="","Not Specified", IF(C91="Food", IF(LOWER(D91)="lunch","Lunch", IF(LOWER(D91)="dinner","Dinner","Snacks")), IF(C91="Travel", IF(LOWER(D91)="bus","Bus","Bus"), IF(C91="Entertainment", IF(LOWER(D91)="movie","Movie","Other"), "Other")))) -> Bus | F91: college bus | G91: =IF(TRIM(F91)="","Not Provided",PROPER(TRIM(F91))) -> College Bus | H91: 40 | I91: =IF(H91="","",VALUE(SUBSTITUTE(SUBSTITUTE(SUBSTITUTE(LOWER(H91),"rs",""),"/-",""),"$",""))) -> 40 | J91: cash | K91: =IF(TRIM(J91)="","Not Specified",IF(LOWER(J91)="upi","UPI",IF(LOWER(J91)="cash","Cash",IF(LOWER(J91)="card","Card","Other")))) -> Cash | L91: outside | M91: =IF(TRIM(L91)="","Not Specified",PROPER(TRIM(L91))) -> Outside | O91: =IF(TRIM(N91)="","Not Specified",PROPER(TRIM(N91))) -> Not Specified | P91: =TEXT(Table1[[#This Row],[Date]],"mmmm") -> June | Q91: =YEAR(Table1[[#This Row],[Date]]) -> 2026 | R91: =TEXT(Table1[[#This Row],[Date]],"dddd") -> Monday | S91: =IF(WEEKDAY(Table1[[#This Row],[Date]],2)>5,"Weekend","Weekday") -> Weekday | T91: =IF(Table1[[#This Row],[Amount_Clean]]>500,"High","Normal") -> Normal | U91: =IF(LOWER(TRIM(Table1[[#This Row],[PaymentMode_Clean]]))="cash","Cash","Digital") -> Cash | V91: =MONTH(Table1[[#This Row],[Date]]) -> 6
A92: =DATE(2026, MONTH(Raw_Data!A92), DAY(Raw_Data!A92)) -> 46204 | B92: Entertainment | C92: =IF(LOWER(TRIM(B92))="food","Food",IF(LOWER(TRIM(B92))="travel","Travel",IF(LOWER(TRIM(B92))="entertainment","Entertainment","Other"))) -> Entertainment | D92: Movie | E92: =IF(TRIM(D92)="","Not Specified", IF(C92="Food", IF(LOWER(D92)="lunch","Lunch", IF(LOWER(D92)="dinner","Dinner","Snacks")), IF(C92="Travel", IF(LOWER(D92)="bus","Bus","Bus"), IF(C92="Entertainment", IF(LOWER(D92)="movie","Movie","Other"), "Other")))) -> Movie | G92: =IF(TRIM(F92)="","Not Provided",PROPER(TRIM(F92))) -> Not Provided | H92: 350 | I92: =IF(H92="","",VALUE(SUBSTITUTE(SUBSTITUTE(SUBSTITUTE(LOWER(H92),"rs",""),"/-",""),"$",""))) -> 350 | J92: card | K92: =IF(TRIM(J92)="","Not Specified",IF(LOWER(J92)="upi","UPI",IF(LOWER(J92)="cash","Cash",IF(LOWER(J92)="card","Card","Other")))) -> Card | L92: mall | M92: =IF(TRIM(L92)="","Not Specified",PROPER(TRIM(L92))) -> Mall | O92: =IF(TRIM(N92)="","Not Specified",PROPER(TRIM(N92))) -> Not Specified | P92: =TEXT(Table1[[#This Row],[Date]],"mmmm") -> July | Q92: =YEAR(Table1[[#This Row],[Date]]) -> 2026 | R92: =TEXT(Table1[[#This Row],[Date]],"dddd") -> Wednesday | S92: =IF(WEEKDAY(Table1[[#This Row],[Date]],2)>5,"Weekend","Weekday") -> Weekday | T92: =IF(Table1[[#This Row],[Amount_Clean]]>500,"High","Normal") -> Normal | U92: =IF(LOWER(TRIM(Table1[[#This Row],[PaymentMode_Clean]]))="cash","Cash","Digital") -> Digital | V92: =MONTH(Table1[[#This Row],[Date]]) -> 7
A93: =DATE(2026, MONTH(Raw_Data!A93), DAY(Raw_Data!A93)) -> 46235 | B93: food | C93: =IF(LOWER(TRIM(B93))="food","Food",IF(LOWER(TRIM(B93))="travel","Travel",IF(LOWER(TRIM(B93))="entertainment","Entertainment","Other"))) -> Food | D93: lunch | E93: =IF(TRIM(D93)="","Not Specified", IF(C93="Food", IF(LOWER(D93)="lunch","Lunch", IF(LOWER(D93)="dinner","Dinner","Snacks")), IF(C93="Travel", IF(LOWER(D93)="bus","Bus","Bus"), IF(C93="Entertainment", IF(LOWER(D93)="movie","Movie","Other"), "Other")))) -> Lunch | F93: canteen | G93: =IF(TRIM(F93)="","Not Provided",PROPER(TRIM(F93))) -> Canteen | H93: 200/- | I93: =IF(H93="","",VALUE(SUBSTITUTE(SUBSTITUTE(SUBSTITUTE(LOWER(H93),"rs",""),"/-",""),"$",""))) -> 200 | J93: upi | K93: =IF(TRIM(J93)="","Not Specified",IF(LOWER(J93)="upi","UPI",IF(LOWER(J93)="cash","Cash",IF(LOWER(J93)="card","Card","Other")))) -> UPI | L93: outside | M93: =IF(TRIM(L93)="","Not Specified",PROPER(TRIM(L93))) -> Outside | O93: =IF(TRIM(N93)="","Not Specified",PROPER(TRIM(N93))) -> Not Specified | P93: =TEXT(Table1[[#This Row],[Date]],"mmmm") -> August | Q93: =YEAR(Table1[[#This Row],[Date]]) -> 2026 | R93: =TEXT(Table1[[#This Row],[Date]],"dddd") -> Saturday | S93: =IF(WEEKDAY(Table1[[#This Row],[Date]],2)>5,"Weekend","Weekday") -> Weekend | T93: =IF(Table1[[#This Row],[Amount_Clean]]>500,"High","Normal") -> Normal | U93: =IF(LOWER(TRIM(Table1[[#This Row],[PaymentMode_Clean]]))="cash","Cash","Digital") -> Digital | V93: =MONTH(Table1[[#This Row],[Date]]) -> 8
A94: =DATE(2026, MONTH(Raw_Data!A94), DAY(Raw_Data!A94)) -> 46266 | B94: Food | C94: =IF(LOWER(TRIM(B94))="food","Food",IF(LOWER(TRIM(B94))="travel","Travel",IF(LOWER(TRIM(B94))="entertainment","Entertainment","Other"))) -> Food | D94: dinner | E94: =IF(TRIM(D94)="","Not Specified", IF(C94="Food", IF(LOWER(D94)="lunch","Lunch", IF(LOWER(D94)="dinner","Dinner","Snacks")), IF(C94="Travel", IF(LOWER(D94)="bus","Bus","Bus"), IF(C94="Entertainment", IF(LOWER(D94)="movie","Movie","Other"), "Other")))) -> Dinner | F94: zomato | G94: =IF(TRIM(F94)="","Not Provided",PROPER(TRIM(F94))) -> Zomato | H94: 280rs | I94: =IF(H94="","",VALUE(SUBSTITUTE(SUBSTITUTE(SUBSTITUTE(LOWER(H94),"rs",""),"/-",""),"$",""))) -> 280 | J94: UPI | K94: =IF(TRIM(J94)="","Not Specified",IF(LOWER(J94)="upi","UPI",IF(LOWER(J94)="cash","Cash",IF(LOWER(J94)="card","Card","Other")))) -> UPI | L94: home | M94: =IF(TRIM(L94)="","Not Specified",PROPER(TRIM(L94))) -> Home | N94: late | O94: =IF(TRIM(N94)="","Not Specified",PROPER(TRIM(N94))) -> Late | P94: =TEXT(Table1[[#This Row],[Date]],"mmmm") -> September | Q94: =YEAR(Table1[[#This Row],[Date]]) -> 2026 | R94: =TEXT(Table1[[#This Row],[Date]],"dddd") -> Tuesday | S94: =IF(WEEKDAY(Table1[[#This Row],[Date]],2)>5,"Weekend","Weekday") -> Weekday | T94: =IF(Table1[[#This Row],[Amount_Clean]]>500,"High","Normal") -> Normal | U94: =IF(LOWER(TRIM(Table1[[#This Row],[PaymentMode_Clean]]))="cash","Cash","Digital") -> Digital | V94: =MONTH(Table1[[#This Row],[Date]]) -> 9
A95: =DATE(2026, MONTH(Raw_Data!A95), DAY(Raw_Data!A95)) -> 46296 | B95: Food | C95: =IF(LOWER(TRIM(B95))="food","Food",IF(LOWER(TRIM(B95))="travel","Travel",IF(LOWER(TRIM(B95))="entertainment","Entertainment","Other"))) -> Food | E95: =IF(TRIM(D95)="","Not Specified", IF(C95="Food", IF(LOWER(D95)="lunch","Lunch", IF(LOWER(D95)="dinner","Dinner","Snacks")), IF(C95="Travel", IF(LOWER(D95)="bus","Bus","Bus"), IF(C95="Entertainment", IF(LOWER(D95)="movie","Movie","Other"), "Other")))) -> Not Specified | G95: =IF(TRIM(F95)="","Not Provided",PROPER(TRIM(F95))) -> Not Provided | H95: 90 | I95: =IF(H95="","",VALUE(SUBSTITUTE(SUBSTITUTE(SUBSTITUTE(LOWER(H95),"rs",""),"/-",""),"$",""))) -> 90 | J95: cash | K95: =IF(TRIM(J95)="","Not Specified",IF(LOWER(J95)="upi","UPI",IF(LOWER(J95)="cash","Cash",IF(LOWER(J95)="card","Card","Other")))) -> Cash | L95: outside | M95: =IF(TRIM(L95)="","Not Specified",PROPER(TRIM(L95))) -> Outside | O95: =IF(TRIM(N95)="","Not Specified",PROPER(TRIM(N95))) -> Not Specified | P95: =TEXT(Table1[[#This Row],[Date]],"mmmm") -> October | Q95: =YEAR(Table1[[#This Row],[Date]]) -> 2026 | R95: =TEXT(Table1[[#This Row],[Date]],"dddd") -> Thursday | S95: =IF(WEEKDAY(Table1[[#This Row],[Date]],2)>5,"Weekend","Weekday") -> Weekday | T95: =IF(Table1[[#This Row],[Amount_Clean]]>500,"High","Normal") -> Normal | U95: =IF(LOWER(TRIM(Table1[[#This Row],[PaymentMode_Clean]]))="cash","Cash","Digital") -> Cash | V95: =MONTH(Table1[[#This Row],[Date]]) -> 10
A96: =DATE(2026, MONTH(Raw_Data!A96), DAY(Raw_Data!A96)) -> 46327 | B96: Food | C96: =IF(LOWER(TRIM(B96))="food","Food",IF(LOWER(TRIM(B96))="travel","Travel",IF(LOWER(TRIM(B96))="entertainment","Entertainment","Other"))) -> Food | D96: dinner | E96: =IF(TRIM(D96)="","Not Specified", IF(C96="Food", IF(LOWER(D96)="lunch","Lunch", IF(LOWER(D96)="dinner","Dinner","Snacks")), IF(C96="Travel", IF(LOWER(D96)="bus","Bus","Bus"), IF(C96="Entertainment", IF(LOWER(D96)="movie","Movie","Other"), "Other")))) -> Dinner | F96: zomato | G96: =IF(TRIM(F96)="","Not Provided",PROPER(TRIM(F96))) -> Zomato | H96: 280rs | I96: =IF(H96="","",VALUE(SUBSTITUTE(SUBSTITUTE(SUBSTITUTE(LOWER(H96),"rs",""),"/-",""),"$",""))) -> 280 | J96: UPI | K96: =IF(TRIM(J96)="","Not Specified",IF(LOWER(J96)="upi","UPI",IF(LOWER(J96)="cash","Cash",IF(LOWER(J96)="card","Card","Other")))) -> UPI | L96: home | M96: =IF(TRIM(L96)="","Not Specified",PROPER(TRIM(L96))) -> Home | N96: late | O96: =IF(TRIM(N96)="","Not Specified",PROPER(TRIM(N96))) -> Late | P96: =TEXT(Table1[[#This Row],[Date]],"mmmm") -> November | Q96: =YEAR(Table1[[#This Row],[Date]]) -> 2026 | R96: =TEXT(Table1[[#This Row],[Date]],"dddd") -> Sunday | S96: =IF(WEEKDAY(Table1[[#This Row],[Date]],2)>5,"Weekend","Weekday") -> Weekend | T96: =IF(Table1[[#This Row],[Amount_Clean]]>500,"High","Normal") -> Normal | U96: =IF(LOWER(TRIM(Table1[[#This Row],[PaymentMode_Clean]]))="cash","Cash","Digital") -> Digital | V96: =MONTH(Table1[[#This Row],[Date]]) -> 11
A97: =DATE(2026, MONTH(Raw_Data!A97), DAY(Raw_Data!A97)) -> 46357 | B97: Food | C97: =IF(LOWER(TRIM(B97))="food","Food",IF(LOWER(TRIM(B97))="travel","Travel",IF(LOWER(TRIM(B97))="entertainment","Entertainment","Other"))) -> Food | E97: =IF(TRIM(D97)="","Not Specified", IF(C97="Food", IF(LOWER(D97)="lunch","Lunch", IF(LOWER(D97)="dinner","Dinner","Snacks")), IF(C97="Travel", IF(LOWER(D97)="bus","Bus","Bus"), IF(C97="Entertainment", IF(LOWER(D97)="movie","Movie","Other"), "Other")))) -> Not Specified | G97: =IF(TRIM(F97)="","Not Provided",PROPER(TRIM(F97))) -> Not Provided | H97: 90 | I97: =IF(H97="","",VALUE(SUBSTITUTE(SUBSTITUTE(SUBSTITUTE(LOWER(H97),"rs",""),"/-",""),"$",""))) -> 90 | J97: cash | K97: =IF(TRIM(J97)="","Not Specified",IF(LOWER(J97)="upi","UPI",IF(LOWER(J97)="cash","Cash",IF(LOWER(J97)="card","Card","Other")))) -> Cash | L97: outside | M97: =IF(TRIM(L97)="","Not Specified",PROPER(TRIM(L97))) -> Outside | O97: =IF(TRIM(N97)="","Not Specified",PROPER(TRIM(N97))) -> Not Specified | P97: =TEXT(Table1[[#This Row],[Date]],"mmmm") -> December | Q97: =YEAR(Table1[[#This Row],[Date]]) -> 2026 | R97: =TEXT(Table1[[#This Row],[Date]],"dddd") -> Tuesday | S97: =IF(WEEKDAY(Table1[[#This Row],[Date]],2)>5,"Weekend","Weekday") -> Weekday | T97: =IF(Table1[[#This Row],[Amount_Clean]]>500,"High","Normal") -> Normal | U97: =IF(LOWER(TRIM(Table1[[#This Row],[PaymentMode_Clean]]))="cash","Cash","Digital") -> Cash | V97: =MONTH(Table1[[#This Row],[Date]]) -> 12
A98: =DATE(2026, MONTH(Raw_Data!A98), DAY(Raw_Data!A98)) -> 46023 | B98: Food | C98: =IF(LOWER(TRIM(B98))="food","Food",IF(LOWER(TRIM(B98))="travel","Travel",IF(LOWER(TRIM(B98))="entertainment","Entertainment","Other"))) -> Food | D98: dinner | E98: =IF(TRIM(D98)="","Not Specified", IF(C98="Food", IF(LOWER(D98)="lunch","Lunch", IF(LOWER(D98)="dinner","Dinner","Snacks")), IF(C98="Travel", IF(LOWER(D98)="bus","Bus","Bus"), IF(C98="Entertainment", IF(LOWER(D98)="movie","Movie","Other"), "Other")))) -> Dinner | F98: zomato | G98: =IF(TRIM(F98)="","Not Provided",PROPER(TRIM(F98))) -> Zomato | H98: 280rs | I98: =IF(H98="","",VALUE(SUBSTITUTE(SUBSTITUTE(SUBSTITUTE(LOWER(H98),"rs",""),"/-",""),"$",""))) -> 280 | J98: UPI | K98: =IF(TRIM(J98)="","Not Specified",IF(LOWER(J98)="upi","UPI",IF(LOWER(J98)="cash","Cash",IF(LOWER(J98)="card","Card","Other")))) -> UPI | L98: home | M98: =IF(TRIM(L98)="","Not Specified",PROPER(TRIM(L98))) -> Home | N98: late | O98: =IF(TRIM(N98)="","Not Specified",PROPER(TRIM(N98))) -> Late | P98: =TEXT(Table1[[#This Row],[Date]],"mmmm") -> January | Q98: =YEAR(Table1[[#This Row],[Date]]) -> 2026 | R98: =TEXT(Table1[[#This Row],[Date]],"dddd") -> Thursday | S98: =IF(WEEKDAY(Table1[[#This Row],[Date]],2)>5,"Weekend","Weekday") -> Weekday | T98: =IF(Table1[[#This Row],[Amount_Clean]]>500,"High","Normal") -> Normal | U98: =IF(LOWER(TRIM(Table1[[#This Row],[PaymentMode_Clean]]))="cash","Cash","Digital") -> Digital | V98: =MONTH(Table1[[#This Row],[Date]]) -> 1
A99: =DATE(2026, MONTH(Raw_Data!A99), DAY(Raw_Data!A99)) -> 46054 | B99: Food | C99: =IF(LOWER(TRIM(B99))="food","Food",IF(LOWER(TRIM(B99))="travel","Travel",IF(LOWER(TRIM(B99))="entertainment","Entertainment","Other"))) -> Food | E99: =IF(TRIM(D99)="","Not Specified", IF(C99="Food", IF(LOWER(D99)="lunch","Lunch", IF(LOWER(D99)="dinner","Dinner","Snacks")), IF(C99="Travel", IF(LOWER(D99)="bus","Bus","Bus"), IF(C99="Entertainment", IF(LOWER(D99)="movie","Movie","Other"), "Other")))) -> Not Specified | G99: =IF(TRIM(F99)="","Not Provided",PROPER(TRIM(F99))) -> Not Provided | H99: 90 | I99: =IF(H99="","",VALUE(SUBSTITUTE(SUBSTITUTE(SUBSTITUTE(LOWER(H99),"rs",""),"/-",""),"$",""))) -> 90 | J99: cash | K99: =IF(TRIM(J99)="","Not Specified",IF(LOWER(J99)="upi","UPI",IF(LOWER(J99)="cash","Cash",IF(LOWER(J99)="card","Card","Other")))) -> Cash | L99: outside | M99: =IF(TRIM(L99)="","Not Specified",PROPER(TRIM(L99))) -> Outside | O99: =IF(TRIM(N99)="","Not Specified",PROPER(TRIM(N99))) -> Not Specified | P99: =TEXT(Table1[[#This Row],[Date]],"mmmm") -> February | Q99: =YEAR(Table1[[#This Row],[Date]]) -> 2026 | R99: =TEXT(Table1[[#This Row],[Date]],"dddd") -> Sunday | S99: =IF(WEEKDAY(Table1[[#This Row],[Date]],2)>5,"Weekend","Weekday") -> Weekend | T99: =IF(Table1[[#This Row],[Amount_Clean]]>500,"High","Normal") -> Normal | U99: =IF(LOWER(TRIM(Table1[[#This Row],[PaymentMode_Clean]]))="cash","Cash","Digital") -> Cash | V99: =MONTH(Table1[[#This Row],[Date]]) -> 2
A100: =DATE(2026, MONTH(Raw_Data!A100), DAY(Raw_Data!A100)) -> 46082 | B100: Food | C100: =IF(LOWER(TRIM(B100))="food","Food",IF(LOWER(TRIM(B100))="travel","Travel",IF(LOWER(TRIM(B100))="entertainment","Entertainment","Other"))) -> Food | D100: dinner | E100: =IF(TRIM(D100)="","Not Specified", IF(C100="Food", IF(LOWER(D100)="lunch","Lunch", IF(LOWER(D100)="dinner","Dinner","Snacks")), IF(C100="Travel", IF(LOWER(D100)="bus","Bus","Bus"), IF(C100="Entertainment", IF(LOWER(D100)="movie","Movie","Other"), "Other")))) -> Dinner | F100: zomato | G100: =IF(TRIM(F100)="","Not Provided",PROPER(TRIM(F100))) -> Zomato | H100: 280rs | I100: =IF(H100="","",VALUE(SUBSTITUTE(SUBSTITUTE(SUBSTITUTE(LOWER(H100),"rs",""),"/-",""),"$",""))) -> 280 | J100: UPI | K100: =IF(TRIM(J100)="","Not Specified",IF(LOWER(J100)="upi","UPI",IF(LOWER(J100)="cash","Cash",IF(LOWER(J100)="card","Card","Other")))) -> UPI | L100: home | M100: =IF(TRIM(L100)="","Not Specified",PROPER(TRIM(L100))) -> Home | N100: late | O100: =IF(TRIM(N100)="","Not Specified",PROPER(TRIM(N100))) -> Late | P100: =TEXT(Table1[[#This Row],[Date]],"mmmm") -> March | Q100: =YEAR(Table1[[#This Row],[Date]]) -> 2026 | R100: =TEXT(Table1[[#This Row],[Date]],"dddd") -> Sunday | S100: =IF(WEEKDAY(Table1[[#This Row],[Date]],2)>5,"Weekend","Weekday") -> Weekend | T100: =IF(Table1[[#This Row],[Amount_Clean]]>500,"High","Normal") -> Normal | U100: =IF(LOWER(TRIM(Table1[[#This Row],[PaymentMode_Clean]]))="cash","Cash","Digital") -> Digital | V100: =MONTH(Table1[[#This Row],[Date]]) -> 3
...

Sheet Month_Pivot
A3: Row Labels | B3: Sum of Amount_Clean
A4: Entertainment | B4: 6650
A5: Food | B5: 12960
A6: Travel | B6: 720
A7: Grand Total | B7: 20330

Sheet Month_Analysis
A3: Row Labels | B3: Sum of Amount_Clean
A4: Jan | B4: 2210
A5: Feb | B5: 1240
A6: Mar | B6: 2360
A7: Apr | B7: 1400
A8: May | B8: 1610
A9: Jun | B9: 1290
A10: Jul | B10: 1980
A11: Aug | B11: 1580
A12: Sep | B12: 2040
A13: Oct | B13: 1390
A14: Nov | B14: 1660
A15: Dec | B15: 1570
A16: Grand Total | B16: 20330

Sheet PaymentMode_Analysis
A3: Row Labels | B3: Sum of Amount_Clean
A4: Card | B4: 6650
A5: Cash | B5: 3960
A6: UPI | B6: 9720
A7: Grand Total | B7: 20330

Sheet Dashboard
G2: Expense Analysis Dashboard
